2025-05-24 00:41:00.956 [HikariPool-1 housekeeper] WARN  com.zaxxer.hikari.pool.HikariPool [] [] [] - HikariPool-1 - Thread starvation or clock leap detected (housekeeper delta=1h27s892ms).
2025-05-24 00:59:12.544 [HikariPool-1 housekeeper] WARN  com.zaxxer.hikari.pool.HikariPool [] [] [] - HikariPool-1 - Thread starvation or clock leap detected (housekeeper delta=17m41s596ms).
2025-05-24 01:15:41.183 [HikariPool-1 housekeeper] WARN  com.zaxxer.hikari.pool.HikariPool [] [] [] - HikariPool-1 - Thread starvation or clock leap detected (housekeeper delta=15m58s630ms).
2025-05-24 01:33:10.097 [HikariPool-1 housekeeper] WARN  com.zaxxer.hikari.pool.HikariPool [] [] [] - HikariPool-1 - Thread starvation or clock leap detected (housekeeper delta=17m28s914ms).
2025-05-24 01:42:23.798 [HikariPool-1 housekeeper] WARN  com.zaxxer.hikari.pool.HikariPool [] [] [] - HikariPool-1 - Thread starvation or clock leap detected (housekeeper delta=9m13s701ms).
2025-05-24 02:34:29.130 [HikariPool-1 housekeeper] WARN  com.zaxxer.hikari.pool.HikariPool [] [] [] - HikariPool-1 - Thread starvation or clock leap detected (housekeeper delta=52m5s332ms).
2025-05-24 02:43:21.758 [HikariPool-1 housekeeper] WARN  com.zaxxer.hikari.pool.HikariPool [] [] [] - HikariPool-1 - Thread starvation or clock leap detected (housekeeper delta=8m52s628ms).
2025-05-24 03:15:52.470 [HikariPool-1 housekeeper] WARN  com.zaxxer.hikari.pool.HikariPool [] [] [] - HikariPool-1 - Thread starvation or clock leap detected (housekeeper delta=32m30s711ms).
2025-05-24 03:44:18.770 [HikariPool-1 housekeeper] WARN  com.zaxxer.hikari.pool.HikariPool [] [] [] - HikariPool-1 - Thread starvation or clock leap detected (housekeeper delta=28m26s301ms).
2025-05-24 03:59:49.703 [HikariPool-1 housekeeper] WARN  com.zaxxer.hikari.pool.HikariPool [] [] [] - HikariPool-1 - Thread starvation or clock leap detected (housekeeper delta=15m30s933ms).
2025-05-24 04:40:08.300 [HikariPool-1 housekeeper] WARN  com.zaxxer.hikari.pool.HikariPool [] [] [] - HikariPool-1 - Thread starvation or clock leap detected (housekeeper delta=40m18s597ms).
2025-05-24 04:44:59.613 [HikariPool-1 housekeeper] WARN  com.zaxxer.hikari.pool.HikariPool [] [] [] - HikariPool-1 - Thread starvation or clock leap detected (housekeeper delta=4m51s313ms).
2025-05-24 05:25:04.815 [HikariPool-1 housekeeper] WARN  com.zaxxer.hikari.pool.HikariPool [] [] [] - HikariPool-1 - Thread starvation or clock leap detected (housekeeper delta=39m35s193ms).
2025-05-24 05:46:10.380 [HikariPool-1 housekeeper] WARN  com.zaxxer.hikari.pool.HikariPool [] [] [] - HikariPool-1 - Thread starvation or clock leap detected (housekeeper delta=20m35s562ms).
2025-05-24 05:56:36.851 [HikariPool-1 housekeeper] WARN  com.zaxxer.hikari.pool.HikariPool [] [] [] - HikariPool-1 - Thread starvation or clock leap detected (housekeeper delta=9m56s461ms).
2025-05-24 05:57:37.602 [main] INFO  cub.ret.tru.BatchLogSystemApplication [] [] [] - Starting BatchLogSystemApplication using Java 17.0.15 with PID 22519 (/Users/audi/Downloads/log/target/classes started by audi in /Users/audi/Downloads/log)
2025-05-24 05:57:37.604 [main] DEBUG cub.ret.tru.BatchLogSystemApplication [] [] [] - Running with Spring Boot v3.2.0, Spring v6.1.1
2025-05-24 05:57:37.605 [main] INFO  cub.ret.tru.BatchLogSystemApplication [] [] [] - No active profile set, falling back to 1 default profile: "default"
2025-05-24 05:57:37.770 [main] INFO  org.springframework.batch.core.configuration.annotation.BatchRegistrar [] [] [] - Finished Spring Batch infrastructure beans configuration in 1 ms.
2025-05-24 05:57:37.838 [main] INFO  org.springframework.data.repository.config.RepositoryConfigurationDelegate [] [] [] - Bootstrapping Spring Data JPA repositories in DEFAULT mode.
2025-05-24 05:57:37.864 [main] INFO  org.springframework.data.repository.config.RepositoryConfigurationDelegate [] [] [] - Finished Spring Data repository scanning in 23 ms. Found 1 JPA repository interface.
2025-05-24 05:57:37.963 [main] WARN  org.springframework.context.support.PostProcessorRegistrationDelegate$BeanPostProcessorChecker [] [] [] - Bean 'jobRegistry' of type [org.springframework.batch.core.configuration.support.MapJobRegistry] is not eligible for getting processed by all BeanPostProcessors (for example: not eligible for auto-proxying). Is this bean getting eagerly injected into a currently created BeanPostProcessor [jobRegistryBeanPostProcessor]? Check the corresponding BeanPostProcessor declaration and its dependencies.
2025-05-24 05:57:38.055 [main] INFO  org.springframework.boot.web.embedded.tomcat.TomcatWebServer [] [] [] - Tomcat initialized with port 8089 (http)
2025-05-24 05:57:38.060 [main] INFO  org.apache.coyote.http11.Http11NioProtocol [] [] [] - Initializing ProtocolHandler ["http-nio-8089"]
2025-05-24 05:57:38.061 [main] INFO  org.apache.catalina.core.StandardService [] [] [] - Starting service [Tomcat]
2025-05-24 05:57:38.061 [main] INFO  org.apache.catalina.core.StandardEngine [] [] [] - Starting Servlet engine: [Apache Tomcat/10.1.16]
2025-05-24 05:57:38.080 [main] INFO  org.apache.catalina.core.ContainerBase.[Tomcat].[localhost].[/] [] [] [] - Initializing Spring embedded WebApplicationContext
2025-05-24 05:57:38.081 [main] INFO  org.springframework.boot.web.servlet.context.ServletWebServerApplicationContext [] [] [] - Root WebApplicationContext: initialization completed in 461 ms
2025-05-24 05:57:38.139 [main] INFO  org.hibernate.jpa.internal.util.LogHelper [] [] [] - HHH000204: Processing PersistenceUnitInfo [name: default]
2025-05-24 05:57:38.157 [main] INFO  org.hibernate.Version [] [] [] - HHH000412: Hibernate ORM core version 6.3.1.Final
2025-05-24 05:57:38.170 [main] INFO  org.hibernate.cache.internal.RegionFactoryInitiator [] [] [] - HHH000026: Second-level cache disabled
2025-05-24 05:57:38.254 [main] INFO  org.springframework.orm.jpa.persistenceunit.SpringPersistenceUnitInfo [] [] [] - No LoadTimeWeaver setup: ignoring JPA class transformer
2025-05-24 05:57:38.265 [main] INFO  com.zaxxer.hikari.HikariDataSource [] [] [] - HikariPool-1 - Starting...
2025-05-24 05:57:38.353 [main] INFO  com.zaxxer.hikari.pool.HikariPool [] [] [] - HikariPool-1 - Added connection org.postgresql.jdbc.PgConnection@70777a65
2025-05-24 05:57:38.354 [main] INFO  com.zaxxer.hikari.HikariDataSource [] [] [] - HikariPool-1 - Start completed.
2025-05-24 05:57:38.369 [main] WARN  org.hibernate.orm.deprecation [] [] [] - HHH90000025: PostgreSQLDialect does not need to be specified explicitly using 'hibernate.dialect' (remove the property setting and it will be selected by default)
2025-05-24 05:57:38.673 [main] INFO  org.hibernate.engine.transaction.jta.platform.internal.JtaPlatformInitiator [] [] [] - HHH000489: No JTA platform available (set 'hibernate.transaction.jta.platform' to enable JTA platform integration)
2025-05-24 05:57:38.681 [main] DEBUG org.hibernate.SQL [] [] [] - 
    drop table if exists batch_log cascade
2025-05-24 05:57:38.728 [main] DEBUG org.hibernate.SQL [] [] [] - 
    create table batch_log (
        created_at timestamp(6) not null,
        id bigserial not null,
        log_time timestamp(6) not null,
        log_level varchar(10),
        execution_id varchar(50) not null,
        job_name varchar(100),
        step_name varchar(100),
        thread_name varchar(100),
        logger_name varchar(200),
        additional_info TEXT,
        exception_stack TEXT,
        message TEXT,
        primary key (id)
    )
2025-05-24 05:57:38.747 [main] INFO  org.springframework.orm.jpa.LocalContainerEntityManagerFactoryBean [] [] [] - Initialized JPA EntityManagerFactory for persistence unit 'default'
2025-05-24 05:57:38.860 [main] INFO  org.springframework.data.jpa.repository.query.QueryEnhancerFactory [] [] [] - Hibernate is in classpath; If applicable, HQL parser will be used.
2025-05-24 05:57:39.027 [main] INFO  org.springframework.batch.core.repository.support.JobRepositoryFactoryBean [] [] [] - No database type set, using meta data indicating: POSTGRES
2025-05-24 05:57:39.034 [main] INFO  org.springframework.batch.core.launch.support.SimpleJobLauncher [] [] [] - No TaskExecutor has been set, defaulting to synchronous executor.
2025-05-24 05:57:39.046 [main] INFO  org.springframework.batch.core.configuration.annotation.BatchObservabilityBeanPostProcessor [] [] [] - No Micrometer observation registry found, defaulting to ObservationRegistry.NOOP
2025-05-24 05:57:39.047 [main] INFO  org.springframework.batch.core.configuration.annotation.BatchObservabilityBeanPostProcessor [] [] [] - No Micrometer observation registry found, defaulting to ObservationRegistry.NOOP
2025-05-24 05:57:39.047 [main] INFO  org.springframework.batch.core.configuration.annotation.BatchObservabilityBeanPostProcessor [] [] [] - No Micrometer observation registry found, defaulting to ObservationRegistry.NOOP
2025-05-24 05:57:39.048 [main] INFO  org.springframework.batch.core.configuration.annotation.BatchObservabilityBeanPostProcessor [] [] [] - No Micrometer observation registry found, defaulting to ObservationRegistry.NOOP
2025-05-24 05:57:39.063 [main] WARN  org.springframework.boot.autoconfigure.orm.jpa.JpaBaseConfiguration$JpaWebConfiguration [] [] [] - spring.jpa.open-in-view is enabled by default. Therefore, database queries may be performed during view rendering. Explicitly configure spring.jpa.open-in-view to disable this warning
2025-05-24 05:57:39.190 [main] INFO  org.apache.coyote.http11.Http11NioProtocol [] [] [] - Starting ProtocolHandler ["http-nio-8089"]
2025-05-24 05:57:39.201 [main] INFO  org.springframework.boot.web.embedded.tomcat.TomcatWebServer [] [] [] - Tomcat started on port 8089 (http) with context path ''
2025-05-24 05:57:39.204 [main] INFO  cub.ret.tru.BatchLogSystemApplication [] [] [] - Started BatchLogSystemApplication in 1.749 seconds (process running for 2.292)
2025-05-24 05:57:39.205 [main] INFO  cub.ret.tru.batch.config.BatchLogConfig [] [] [] - DatabaseAppender 已成功配置 BatchLogService
2025-05-24 05:57:52.073 [http-nio-8089-exec-2] INFO  org.apache.catalina.core.ContainerBase.[Tomcat].[localhost].[/] [] [] [] - Initializing Spring DispatcherServlet 'dispatcherServlet'
2025-05-24 05:57:52.074 [http-nio-8089-exec-2] INFO  org.springframework.web.servlet.DispatcherServlet [] [] [] - Initializing Servlet 'dispatcherServlet'
2025-05-24 05:57:52.074 [http-nio-8089-exec-2] INFO  org.springframework.web.servlet.DispatcherServlet [] [] [] - Completed initialization in 0 ms
2025-05-24 05:57:52.186 [http-nio-8089-exec-2] INFO  org.springframework.batch.core.launch.support.SimpleJobLauncher [] [] [] - Job: [SimpleJob: [name=GET_EMPLOYEE_JOB]] launched with the following parameters: [{'timestamp':'{value=1748037472087, type=class java.lang.Long, identifying=true}'}]
2025-05-24 05:58:20.686 [http-nio-8089-exec-2] INFO  cub.ret.tru.batch.listener.base.BaseJobListener [202505240558GET_EMPLOYEE_JOB] [GET_EMPLOYEE_JOB] [] - === 作業開始執行 ===
2025-05-24 05:58:20.696 [http-nio-8089-exec-2] DEBUG org.hibernate.SQL [202505240558GET_EMPLOYEE_JOB] [GET_EMPLOYEE_JOB] [] - 
    insert 
    into
        batch_log
        (additional_info, created_at, exception_stack, execution_id, job_name, log_level, log_time, logger_name, message, step_name, thread_name) 
    values
        (?, ?, ?, ?, ?, ?, ?, ?, ?, ?, ?)
2025-05-24 05:58:20.722 [http-nio-8089-exec-2] INFO  cub.ret.tru.batch.listener.base.BaseJobListener [202505240558GET_EMPLOYEE_JOB] [GET_EMPLOYEE_JOB] [] - 執行代號: 202505240558GET_EMPLOYEE_JOB
2025-05-24 05:58:20.723 [http-nio-8089-exec-2] DEBUG org.hibernate.SQL [202505240558GET_EMPLOYEE_JOB] [GET_EMPLOYEE_JOB] [] - 
    insert 
    into
        batch_log
        (additional_info, created_at, exception_stack, execution_id, job_name, log_level, log_time, logger_name, message, step_name, thread_name) 
    values
        (?, ?, ?, ?, ?, ?, ?, ?, ?, ?, ?)
2025-05-24 05:58:20.736 [http-nio-8089-exec-2] INFO  cub.ret.tru.batch.listener.base.BaseJobListener [202505240558GET_EMPLOYEE_JOB] [GET_EMPLOYEE_JOB] [] - 作業名稱: GET_EMPLOYEE_JOB
2025-05-24 05:58:20.737 [http-nio-8089-exec-2] DEBUG org.hibernate.SQL [202505240558GET_EMPLOYEE_JOB] [GET_EMPLOYEE_JOB] [] - 
    insert 
    into
        batch_log
        (additional_info, created_at, exception_stack, execution_id, job_name, log_level, log_time, logger_name, message, step_name, thread_name) 
    values
        (?, ?, ?, ?, ?, ?, ?, ?, ?, ?, ?)
2025-05-24 05:58:20.750 [http-nio-8089-exec-2] INFO  cub.ret.tru.batch.listener.base.BaseJobListener [202505240558GET_EMPLOYEE_JOB] [GET_EMPLOYEE_JOB] [] - 作業實例ID: 9
2025-05-24 05:58:20.750 [http-nio-8089-exec-2] DEBUG org.hibernate.SQL [202505240558GET_EMPLOYEE_JOB] [GET_EMPLOYEE_JOB] [] - 
    insert 
    into
        batch_log
        (additional_info, created_at, exception_stack, execution_id, job_name, log_level, log_time, logger_name, message, step_name, thread_name) 
    values
        (?, ?, ?, ?, ?, ?, ?, ?, ?, ?, ?)
2025-05-24 05:58:20.764 [http-nio-8089-exec-2] INFO  cub.ret.tru.batch.listener.base.BaseJobListener [202505240558GET_EMPLOYEE_JOB] [GET_EMPLOYEE_JOB] [] - 作業執行ID: 9
2025-05-24 05:58:20.764 [http-nio-8089-exec-2] DEBUG org.hibernate.SQL [202505240558GET_EMPLOYEE_JOB] [GET_EMPLOYEE_JOB] [] - 
    insert 
    into
        batch_log
        (additional_info, created_at, exception_stack, execution_id, job_name, log_level, log_time, logger_name, message, step_name, thread_name) 
    values
        (?, ?, ?, ?, ?, ?, ?, ?, ?, ?, ?)
2025-05-24 05:58:20.778 [http-nio-8089-exec-2] INFO  cub.ret.tru.batch.listener.base.BaseJobListener [202505240558GET_EMPLOYEE_JOB] [GET_EMPLOYEE_JOB] [] - 開始時間: 2025-05-24T05:58:20.640677
2025-05-24 05:58:20.778 [http-nio-8089-exec-2] DEBUG org.hibernate.SQL [202505240558GET_EMPLOYEE_JOB] [GET_EMPLOYEE_JOB] [] - 
    insert 
    into
        batch_log
        (additional_info, created_at, exception_stack, execution_id, job_name, log_level, log_time, logger_name, message, step_name, thread_name) 
    values
        (?, ?, ?, ?, ?, ?, ?, ?, ?, ?, ?)
2025-05-24 05:58:20.794 [http-nio-8089-exec-2] DEBUG org.hibernate.SQL [202505240558GET_EMPLOYEE_JOB] [GET_EMPLOYEE_JOB] [] - 
    insert 
    into
        batch_log
        (additional_info, created_at, exception_stack, execution_id, job_name, log_level, log_time, logger_name, message, step_name, thread_name) 
    values
        (?, ?, ?, ?, ?, ?, ?, ?, ?, ?, ?)
2025-05-24 06:06:36.427 [main] INFO  cub.ret.tru.BatchLogSystemApplication [] [] [] - Starting BatchLogSystemApplication using Java 17.0.15 with PID 29014 (/Users/audi/Downloads/log/target/classes started by audi in /Users/audi/Downloads/log)
2025-05-24 06:06:36.429 [main] DEBUG cub.ret.tru.BatchLogSystemApplication [] [] [] - Running with Spring Boot v3.2.0, Spring v6.1.1
2025-05-24 06:06:36.430 [main] INFO  cub.ret.tru.BatchLogSystemApplication [] [] [] - No active profile set, falling back to 1 default profile: "default"
2025-05-24 06:06:36.611 [main] INFO  org.springframework.batch.core.configuration.annotation.BatchRegistrar [] [] [] - Finished Spring Batch infrastructure beans configuration in 1 ms.
2025-05-24 06:06:36.684 [main] INFO  org.springframework.data.repository.config.RepositoryConfigurationDelegate [] [] [] - Bootstrapping Spring Data JPA repositories in DEFAULT mode.
2025-05-24 06:06:36.707 [main] INFO  org.springframework.data.repository.config.RepositoryConfigurationDelegate [] [] [] - Finished Spring Data repository scanning in 21 ms. Found 1 JPA repository interface.
2025-05-24 06:06:36.804 [main] WARN  org.springframework.context.support.PostProcessorRegistrationDelegate$BeanPostProcessorChecker [] [] [] - Bean 'jobRegistry' of type [org.springframework.batch.core.configuration.support.MapJobRegistry] is not eligible for getting processed by all BeanPostProcessors (for example: not eligible for auto-proxying). Is this bean getting eagerly injected into a currently created BeanPostProcessor [jobRegistryBeanPostProcessor]? Check the corresponding BeanPostProcessor declaration and its dependencies.
2025-05-24 06:06:36.899 [main] INFO  org.springframework.boot.web.embedded.tomcat.TomcatWebServer [] [] [] - Tomcat initialized with port 8089 (http)
2025-05-24 06:06:36.903 [main] INFO  org.apache.coyote.http11.Http11NioProtocol [] [] [] - Initializing ProtocolHandler ["http-nio-8089"]
2025-05-24 06:06:36.904 [main] INFO  org.apache.catalina.core.StandardService [] [] [] - Starting service [Tomcat]
2025-05-24 06:06:36.904 [main] INFO  org.apache.catalina.core.StandardEngine [] [] [] - Starting Servlet engine: [Apache Tomcat/10.1.16]
2025-05-24 06:06:36.925 [main] INFO  org.apache.catalina.core.ContainerBase.[Tomcat].[localhost].[/] [] [] [] - Initializing Spring embedded WebApplicationContext
2025-05-24 06:06:36.926 [main] INFO  org.springframework.boot.web.servlet.context.ServletWebServerApplicationContext [] [] [] - Root WebApplicationContext: initialization completed in 475 ms
2025-05-24 06:06:36.980 [main] INFO  org.hibernate.jpa.internal.util.LogHelper [] [] [] - HHH000204: Processing PersistenceUnitInfo [name: default]
2025-05-24 06:06:36.997 [main] INFO  org.hibernate.Version [] [] [] - HHH000412: Hibernate ORM core version 6.3.1.Final
2025-05-24 06:06:37.010 [main] INFO  org.hibernate.cache.internal.RegionFactoryInitiator [] [] [] - HHH000026: Second-level cache disabled
2025-05-24 06:06:37.094 [main] INFO  org.springframework.orm.jpa.persistenceunit.SpringPersistenceUnitInfo [] [] [] - No LoadTimeWeaver setup: ignoring JPA class transformer
2025-05-24 06:06:37.104 [main] INFO  com.zaxxer.hikari.HikariDataSource [] [] [] - HikariPool-1 - Starting...
2025-05-24 06:06:37.191 [main] INFO  com.zaxxer.hikari.pool.HikariPool [] [] [] - HikariPool-1 - Added connection org.postgresql.jdbc.PgConnection@75a9cc24
2025-05-24 06:06:37.192 [main] INFO  com.zaxxer.hikari.HikariDataSource [] [] [] - HikariPool-1 - Start completed.
2025-05-24 06:06:37.206 [main] WARN  org.hibernate.orm.deprecation [] [] [] - HHH90000025: PostgreSQLDialect does not need to be specified explicitly using 'hibernate.dialect' (remove the property setting and it will be selected by default)
2025-05-24 06:06:37.505 [main] INFO  org.hibernate.engine.transaction.jta.platform.internal.JtaPlatformInitiator [] [] [] - HHH000489: No JTA platform available (set 'hibernate.transaction.jta.platform' to enable JTA platform integration)
2025-05-24 06:06:37.513 [main] DEBUG org.hibernate.SQL [] [] [] - 
    drop table if exists batch_log cascade
2025-05-24 06:06:37.563 [main] DEBUG org.hibernate.SQL [] [] [] - 
    create table batch_log (
        created_at timestamp(6) not null,
        id bigserial not null,
        log_time timestamp(6) not null,
        log_level varchar(10),
        execution_id varchar(50) not null,
        job_name varchar(100),
        step_name varchar(100),
        thread_name varchar(100),
        logger_name varchar(200),
        additional_info TEXT,
        exception_stack TEXT,
        message TEXT,
        primary key (id)
    )
2025-05-24 06:06:37.581 [main] INFO  org.springframework.orm.jpa.LocalContainerEntityManagerFactoryBean [] [] [] - Initialized JPA EntityManagerFactory for persistence unit 'default'
2025-05-24 06:06:37.693 [main] INFO  org.springframework.data.jpa.repository.query.QueryEnhancerFactory [] [] [] - Hibernate is in classpath; If applicable, HQL parser will be used.
2025-05-24 06:06:37.860 [main] INFO  org.springframework.batch.core.repository.support.JobRepositoryFactoryBean [] [] [] - No database type set, using meta data indicating: POSTGRES
2025-05-24 06:06:37.867 [main] INFO  org.springframework.batch.core.launch.support.SimpleJobLauncher [] [] [] - No TaskExecutor has been set, defaulting to synchronous executor.
2025-05-24 06:06:37.876 [main] INFO  org.springframework.batch.core.configuration.annotation.BatchObservabilityBeanPostProcessor [] [] [] - No Micrometer observation registry found, defaulting to ObservationRegistry.NOOP
2025-05-24 06:06:37.877 [main] INFO  org.springframework.batch.core.configuration.annotation.BatchObservabilityBeanPostProcessor [] [] [] - No Micrometer observation registry found, defaulting to ObservationRegistry.NOOP
2025-05-24 06:06:37.880 [main] INFO  org.springframework.batch.core.configuration.annotation.BatchObservabilityBeanPostProcessor [] [] [] - No Micrometer observation registry found, defaulting to ObservationRegistry.NOOP
2025-05-24 06:06:37.886 [main] INFO  org.springframework.batch.core.configuration.annotation.BatchObservabilityBeanPostProcessor [] [] [] - No Micrometer observation registry found, defaulting to ObservationRegistry.NOOP
2025-05-24 06:06:37.903 [main] WARN  org.springframework.boot.autoconfigure.orm.jpa.JpaBaseConfiguration$JpaWebConfiguration [] [] [] - spring.jpa.open-in-view is enabled by default. Therefore, database queries may be performed during view rendering. Explicitly configure spring.jpa.open-in-view to disable this warning
2025-05-24 06:06:38.040 [main] INFO  org.apache.coyote.http11.Http11NioProtocol [] [] [] - Starting ProtocolHandler ["http-nio-8089"]
2025-05-24 06:06:38.050 [main] INFO  org.springframework.boot.web.embedded.tomcat.TomcatWebServer [] [] [] - Tomcat started on port 8089 (http) with context path ''
2025-05-24 06:06:38.054 [main] INFO  cub.ret.tru.BatchLogSystemApplication [] [] [] - Started BatchLogSystemApplication in 1.789 seconds (process running for 2.362)
2025-05-24 06:06:38.058 [main] INFO  cub.ret.tru.batch.config.BatchLogConfig [] [] [] - DatabaseAppender 已成功配置 BatchLogService
2025-05-24 06:06:42.394 [http-nio-8089-exec-3] INFO  org.apache.catalina.core.ContainerBase.[Tomcat].[localhost].[/] [] [] [] - Initializing Spring DispatcherServlet 'dispatcherServlet'
2025-05-24 06:06:42.394 [http-nio-8089-exec-3] INFO  org.springframework.web.servlet.DispatcherServlet [] [] [] - Initializing Servlet 'dispatcherServlet'
2025-05-24 06:06:42.395 [http-nio-8089-exec-3] INFO  org.springframework.web.servlet.DispatcherServlet [] [] [] - Completed initialization in 1 ms
2025-05-24 06:07:07.446 [http-nio-8089-exec-3] WARN  org.springframework.web.servlet.mvc.support.DefaultHandlerExceptionResolver [] [] [] - Resolved [org.springframework.web.HttpRequestMethodNotSupportedException: Request method 'GET' is not supported]
2025-05-24 06:07:11.652 [http-nio-8089-exec-9] WARN  org.springframework.web.servlet.mvc.support.DefaultHandlerExceptionResolver [] [] [] - Resolved [org.springframework.web.HttpRequestMethodNotSupportedException: Request method 'GET' is not supported]
2025-05-24 06:10:11.736 [main] INFO  cub.ret.tru.BatchLogSystemApplication [] [] [] - Starting BatchLogSystemApplication using Java 23.0.2 with PID 30200 (/Users/audi/Downloads/log/target/classes started by audi in /Users/audi/Downloads/log)
2025-05-24 06:10:11.738 [main] DEBUG cub.ret.tru.BatchLogSystemApplication [] [] [] - Running with Spring Boot v3.2.0, Spring v6.1.1
2025-05-24 06:10:11.738 [main] INFO  cub.ret.tru.BatchLogSystemApplication [] [] [] - No active profile set, falling back to 1 default profile: "default"
2025-05-24 06:10:11.879 [main] INFO  org.springframework.batch.core.configuration.annotation.BatchRegistrar [] [] [] - Finished Spring Batch infrastructure beans configuration in 1 ms.
2025-05-24 06:10:11.935 [main] INFO  org.springframework.data.repository.config.RepositoryConfigurationDelegate [] [] [] - Bootstrapping Spring Data JPA repositories in DEFAULT mode.
2025-05-24 06:10:11.954 [main] INFO  org.springframework.data.repository.config.RepositoryConfigurationDelegate [] [] [] - Finished Spring Data repository scanning in 16 ms. Found 1 JPA repository interface.
2025-05-24 06:10:12.028 [main] WARN  org.springframework.context.support.PostProcessorRegistrationDelegate$BeanPostProcessorChecker [] [] [] - Bean 'jobRegistry' of type [org.springframework.batch.core.configuration.support.MapJobRegistry] is not eligible for getting processed by all BeanPostProcessors (for example: not eligible for auto-proxying). Is this bean getting eagerly injected into a currently created BeanPostProcessor [jobRegistryBeanPostProcessor]? Check the corresponding BeanPostProcessor declaration and its dependencies.
2025-05-24 06:10:12.106 [main] INFO  org.springframework.boot.web.embedded.tomcat.TomcatWebServer [] [] [] - Tomcat initialized with port 8089 (http)
2025-05-24 06:10:12.110 [main] INFO  org.apache.coyote.http11.Http11NioProtocol [] [] [] - Initializing ProtocolHandler ["http-nio-8089"]
2025-05-24 06:10:12.111 [main] INFO  org.apache.catalina.core.StandardService [] [] [] - Starting service [Tomcat]
2025-05-24 06:10:12.111 [main] INFO  org.apache.catalina.core.StandardEngine [] [] [] - Starting Servlet engine: [Apache Tomcat/10.1.16]
2025-05-24 06:10:12.126 [main] INFO  org.apache.catalina.core.ContainerBase.[Tomcat].[localhost].[/] [] [] [] - Initializing Spring embedded WebApplicationContext
2025-05-24 06:10:12.127 [main] INFO  org.springframework.boot.web.servlet.context.ServletWebServerApplicationContext [] [] [] - Root WebApplicationContext: initialization completed in 373 ms
2025-05-24 06:10:12.177 [main] INFO  org.hibernate.jpa.internal.util.LogHelper [] [] [] - HHH000204: Processing PersistenceUnitInfo [name: default]
2025-05-24 06:10:12.196 [main] INFO  org.hibernate.Version [] [] [] - HHH000412: Hibernate ORM core version 6.3.1.Final
2025-05-24 06:10:12.205 [main] INFO  org.hibernate.cache.internal.RegionFactoryInitiator [] [] [] - HHH000026: Second-level cache disabled
2025-05-24 06:10:12.279 [main] INFO  org.springframework.orm.jpa.persistenceunit.SpringPersistenceUnitInfo [] [] [] - No LoadTimeWeaver setup: ignoring JPA class transformer
2025-05-24 06:10:12.287 [main] INFO  com.zaxxer.hikari.HikariDataSource [] [] [] - HikariPool-1 - Starting...
2025-05-24 06:10:12.372 [main] INFO  com.zaxxer.hikari.pool.HikariPool [] [] [] - HikariPool-1 - Added connection org.postgresql.jdbc.PgConnection@11228bee
2025-05-24 06:10:12.373 [main] INFO  com.zaxxer.hikari.HikariDataSource [] [] [] - HikariPool-1 - Start completed.
2025-05-24 06:10:12.387 [main] WARN  org.hibernate.orm.deprecation [] [] [] - HHH90000025: PostgreSQLDialect does not need to be specified explicitly using 'hibernate.dialect' (remove the property setting and it will be selected by default)
2025-05-24 06:10:12.640 [main] INFO  org.hibernate.engine.transaction.jta.platform.internal.JtaPlatformInitiator [] [] [] - HHH000489: No JTA platform available (set 'hibernate.transaction.jta.platform' to enable JTA platform integration)
2025-05-24 06:10:12.644 [main] DEBUG org.hibernate.SQL [] [] [] - 
    drop table if exists batch_log cascade
2025-05-24 06:10:12.692 [main] DEBUG org.hibernate.SQL [] [] [] - 
    create table batch_log (
        created_at timestamp(6) not null,
        id bigserial not null,
        log_time timestamp(6) not null,
        log_level varchar(10),
        execution_id varchar(50) not null,
        job_name varchar(100),
        step_name varchar(100),
        thread_name varchar(100),
        logger_name varchar(200),
        additional_info TEXT,
        exception_stack TEXT,
        message TEXT,
        primary key (id)
    )
2025-05-24 06:10:12.715 [main] INFO  org.springframework.orm.jpa.LocalContainerEntityManagerFactoryBean [] [] [] - Initialized JPA EntityManagerFactory for persistence unit 'default'
2025-05-24 06:10:12.827 [main] INFO  org.springframework.data.jpa.repository.query.QueryEnhancerFactory [] [] [] - Hibernate is in classpath; If applicable, HQL parser will be used.
2025-05-24 06:10:13.017 [main] INFO  org.springframework.batch.core.repository.support.JobRepositoryFactoryBean [] [] [] - No database type set, using meta data indicating: POSTGRES
2025-05-24 06:10:13.023 [main] INFO  org.springframework.batch.core.launch.support.SimpleJobLauncher [] [] [] - No TaskExecutor has been set, defaulting to synchronous executor.
2025-05-24 06:10:13.034 [main] INFO  org.springframework.batch.core.configuration.annotation.BatchObservabilityBeanPostProcessor [] [] [] - No Micrometer observation registry found, defaulting to ObservationRegistry.NOOP
2025-05-24 06:10:13.035 [main] INFO  org.springframework.batch.core.configuration.annotation.BatchObservabilityBeanPostProcessor [] [] [] - No Micrometer observation registry found, defaulting to ObservationRegistry.NOOP
2025-05-24 06:10:13.035 [main] INFO  org.springframework.batch.core.configuration.annotation.BatchObservabilityBeanPostProcessor [] [] [] - No Micrometer observation registry found, defaulting to ObservationRegistry.NOOP
2025-05-24 06:10:13.036 [main] INFO  org.springframework.batch.core.configuration.annotation.BatchObservabilityBeanPostProcessor [] [] [] - No Micrometer observation registry found, defaulting to ObservationRegistry.NOOP
2025-05-24 06:10:13.051 [main] WARN  org.springframework.boot.autoconfigure.orm.jpa.JpaBaseConfiguration$JpaWebConfiguration [] [] [] - spring.jpa.open-in-view is enabled by default. Therefore, database queries may be performed during view rendering. Explicitly configure spring.jpa.open-in-view to disable this warning
2025-05-24 06:10:13.150 [main] INFO  org.apache.coyote.http11.Http11NioProtocol [] [] [] - Starting ProtocolHandler ["http-nio-8089"]
2025-05-24 06:10:13.159 [main] INFO  org.springframework.boot.web.embedded.tomcat.TomcatWebServer [] [] [] - Tomcat started on port 8089 (http) with context path ''
2025-05-24 06:10:13.162 [main] INFO  cub.ret.tru.BatchLogSystemApplication [] [] [] - Started BatchLogSystemApplication in 1.535 seconds (process running for 1.804)
2025-05-24 06:10:13.163 [main] INFO  cub.ret.tru.batch.config.BatchLogConfig [] [] [] - DatabaseAppender 已成功配置 BatchLogService
2025-05-24 06:10:21.361 [http-nio-8089-exec-1] INFO  org.apache.catalina.core.ContainerBase.[Tomcat].[localhost].[/] [] [] [] - Initializing Spring DispatcherServlet 'dispatcherServlet'
2025-05-24 06:10:21.362 [http-nio-8089-exec-1] INFO  org.springframework.web.servlet.DispatcherServlet [] [] [] - Initializing Servlet 'dispatcherServlet'
2025-05-24 06:10:21.362 [http-nio-8089-exec-1] INFO  org.springframework.web.servlet.DispatcherServlet [] [] [] - Completed initialization in 0 ms
2025-05-24 06:14:08.878 [main] INFO  cub.ret.tru.BatchLogSystemApplication [] [] [] - Starting BatchLogSystemApplication using Java 23.0.2 with PID 32358 (/Users/audi/Downloads/log/target/classes started by audi in /Users/audi/Downloads/log)
2025-05-24 06:14:08.881 [main] DEBUG cub.ret.tru.BatchLogSystemApplication [] [] [] - Running with Spring Boot v3.2.0, Spring v6.1.1
2025-05-24 06:14:08.882 [main] INFO  cub.ret.tru.BatchLogSystemApplication [] [] [] - No active profile set, falling back to 1 default profile: "default"
2025-05-24 06:14:09.015 [main] INFO  org.springframework.batch.core.configuration.annotation.BatchRegistrar [] [] [] - Finished Spring Batch infrastructure beans configuration in 1 ms.
2025-05-24 06:14:09.068 [main] INFO  org.springframework.data.repository.config.RepositoryConfigurationDelegate [] [] [] - Bootstrapping Spring Data JPA repositories in DEFAULT mode.
2025-05-24 06:14:09.085 [main] INFO  org.springframework.data.repository.config.RepositoryConfigurationDelegate [] [] [] - Finished Spring Data repository scanning in 15 ms. Found 1 JPA repository interface.
2025-05-24 06:14:09.159 [main] WARN  org.springframework.context.support.PostProcessorRegistrationDelegate$BeanPostProcessorChecker [] [] [] - Bean 'jobRegistry' of type [org.springframework.batch.core.configuration.support.MapJobRegistry] is not eligible for getting processed by all BeanPostProcessors (for example: not eligible for auto-proxying). Is this bean getting eagerly injected into a currently created BeanPostProcessor [jobRegistryBeanPostProcessor]? Check the corresponding BeanPostProcessor declaration and its dependencies.
2025-05-24 06:14:09.234 [main] INFO  org.springframework.boot.web.embedded.tomcat.TomcatWebServer [] [] [] - Tomcat initialized with port 8089 (http)
2025-05-24 06:14:09.237 [main] INFO  org.apache.coyote.http11.Http11NioProtocol [] [] [] - Initializing ProtocolHandler ["http-nio-8089"]
2025-05-24 06:14:09.238 [main] INFO  org.apache.catalina.core.StandardService [] [] [] - Starting service [Tomcat]
2025-05-24 06:14:09.238 [main] INFO  org.apache.catalina.core.StandardEngine [] [] [] - Starting Servlet engine: [Apache Tomcat/10.1.16]
2025-05-24 06:14:09.252 [main] INFO  org.apache.catalina.core.ContainerBase.[Tomcat].[localhost].[/] [] [] [] - Initializing Spring embedded WebApplicationContext
2025-05-24 06:14:09.253 [main] INFO  org.springframework.boot.web.servlet.context.ServletWebServerApplicationContext [] [] [] - Root WebApplicationContext: initialization completed in 355 ms
2025-05-24 06:14:09.299 [main] INFO  org.hibernate.jpa.internal.util.LogHelper [] [] [] - HHH000204: Processing PersistenceUnitInfo [name: default]
2025-05-24 06:14:09.313 [main] INFO  org.hibernate.Version [] [] [] - HHH000412: Hibernate ORM core version 6.3.1.Final
2025-05-24 06:14:09.327 [main] INFO  org.hibernate.cache.internal.RegionFactoryInitiator [] [] [] - HHH000026: Second-level cache disabled
2025-05-24 06:14:09.393 [main] INFO  org.springframework.orm.jpa.persistenceunit.SpringPersistenceUnitInfo [] [] [] - No LoadTimeWeaver setup: ignoring JPA class transformer
2025-05-24 06:14:09.401 [main] INFO  com.zaxxer.hikari.HikariDataSource [] [] [] - HikariPool-1 - Starting...
2025-05-24 06:14:09.486 [main] INFO  com.zaxxer.hikari.pool.HikariPool [] [] [] - HikariPool-1 - Added connection org.postgresql.jdbc.PgConnection@d8e4250
2025-05-24 06:14:09.487 [main] INFO  com.zaxxer.hikari.HikariDataSource [] [] [] - HikariPool-1 - Start completed.
2025-05-24 06:14:09.502 [main] WARN  org.hibernate.orm.deprecation [] [] [] - HHH90000025: PostgreSQLDialect does not need to be specified explicitly using 'hibernate.dialect' (remove the property setting and it will be selected by default)
2025-05-24 06:14:09.732 [main] INFO  org.hibernate.engine.transaction.jta.platform.internal.JtaPlatformInitiator [] [] [] - HHH000489: No JTA platform available (set 'hibernate.transaction.jta.platform' to enable JTA platform integration)
2025-05-24 06:14:09.736 [main] DEBUG org.hibernate.SQL [] [] [] - 
    drop table if exists batch_log cascade
2025-05-24 06:14:09.785 [main] DEBUG org.hibernate.SQL [] [] [] - 
    create table batch_log (
        created_at timestamp(6) not null,
        id bigserial not null,
        log_time timestamp(6) not null,
        log_level varchar(10),
        execution_id varchar(50) not null,
        job_name varchar(100),
        step_name varchar(100),
        thread_name varchar(100),
        logger_name varchar(200),
        additional_info TEXT,
        exception_stack TEXT,
        message TEXT,
        primary key (id)
    )
2025-05-24 06:14:09.807 [main] INFO  org.springframework.orm.jpa.LocalContainerEntityManagerFactoryBean [] [] [] - Initialized JPA EntityManagerFactory for persistence unit 'default'
2025-05-24 06:14:09.910 [main] INFO  org.springframework.data.jpa.repository.query.QueryEnhancerFactory [] [] [] - Hibernate is in classpath; If applicable, HQL parser will be used.
2025-05-24 06:14:10.092 [main] INFO  org.springframework.batch.core.repository.support.JobRepositoryFactoryBean [] [] [] - No database type set, using meta data indicating: POSTGRES
2025-05-24 06:14:10.097 [main] INFO  org.springframework.batch.core.launch.support.SimpleJobLauncher [] [] [] - No TaskExecutor has been set, defaulting to synchronous executor.
2025-05-24 06:14:10.106 [main] INFO  org.springframework.batch.core.configuration.annotation.BatchObservabilityBeanPostProcessor [] [] [] - No Micrometer observation registry found, defaulting to ObservationRegistry.NOOP
2025-05-24 06:14:10.107 [main] INFO  org.springframework.batch.core.configuration.annotation.BatchObservabilityBeanPostProcessor [] [] [] - No Micrometer observation registry found, defaulting to ObservationRegistry.NOOP
2025-05-24 06:14:10.107 [main] INFO  org.springframework.batch.core.configuration.annotation.BatchObservabilityBeanPostProcessor [] [] [] - No Micrometer observation registry found, defaulting to ObservationRegistry.NOOP
2025-05-24 06:14:10.108 [main] INFO  org.springframework.batch.core.configuration.annotation.BatchObservabilityBeanPostProcessor [] [] [] - No Micrometer observation registry found, defaulting to ObservationRegistry.NOOP
2025-05-24 06:14:10.124 [main] WARN  org.springframework.boot.autoconfigure.orm.jpa.JpaBaseConfiguration$JpaWebConfiguration [] [] [] - spring.jpa.open-in-view is enabled by default. Therefore, database queries may be performed during view rendering. Explicitly configure spring.jpa.open-in-view to disable this warning
2025-05-24 06:14:10.217 [main] INFO  org.apache.coyote.http11.Http11NioProtocol [] [] [] - Starting ProtocolHandler ["http-nio-8089"]
2025-05-24 06:14:10.223 [main] INFO  org.springframework.boot.web.embedded.tomcat.TomcatWebServer [] [] [] - Tomcat started on port 8089 (http) with context path ''
2025-05-24 06:14:10.226 [main] INFO  cub.ret.tru.BatchLogSystemApplication [] [] [] - Started BatchLogSystemApplication in 1.451 seconds (process running for 1.732)
2025-05-24 06:14:10.227 [main] INFO  cub.ret.tru.batch.config.BatchLogConfig [] [] [] - DatabaseAppender 已成功配置 BatchLogService
2025-05-24 06:14:20.915 [http-nio-8089-exec-1] INFO  org.apache.catalina.core.ContainerBase.[Tomcat].[localhost].[/] [] [] [] - Initializing Spring DispatcherServlet 'dispatcherServlet'
2025-05-24 06:14:20.915 [http-nio-8089-exec-1] INFO  org.springframework.web.servlet.DispatcherServlet [] [] [] - Initializing Servlet 'dispatcherServlet'
2025-05-24 06:14:20.916 [http-nio-8089-exec-1] INFO  org.springframework.web.servlet.DispatcherServlet [] [] [] - Completed initialization in 1 ms
2025-05-24 06:15:29.649 [main] INFO  cub.ret.tru.BatchLogSystemApplication [] [] [] - Starting BatchLogSystemApplication using Java 23.0.2 with PID 33203 (/Users/audi/Downloads/log/target/classes started by audi in /Users/audi/Downloads/log)
2025-05-24 06:15:29.651 [main] DEBUG cub.ret.tru.BatchLogSystemApplication [] [] [] - Running with Spring Boot v3.2.0, Spring v6.1.1
2025-05-24 06:15:29.651 [main] INFO  cub.ret.tru.BatchLogSystemApplication [] [] [] - No active profile set, falling back to 1 default profile: "default"
2025-05-24 06:15:29.775 [main] INFO  org.springframework.batch.core.configuration.annotation.BatchRegistrar [] [] [] - Finished Spring Batch infrastructure beans configuration in 0 ms.
2025-05-24 06:15:29.826 [main] INFO  org.springframework.data.repository.config.RepositoryConfigurationDelegate [] [] [] - Bootstrapping Spring Data JPA repositories in DEFAULT mode.
2025-05-24 06:15:29.843 [main] INFO  org.springframework.data.repository.config.RepositoryConfigurationDelegate [] [] [] - Finished Spring Data repository scanning in 15 ms. Found 1 JPA repository interface.
2025-05-24 06:15:29.917 [main] WARN  org.springframework.context.support.PostProcessorRegistrationDelegate$BeanPostProcessorChecker [] [] [] - Bean 'jobRegistry' of type [org.springframework.batch.core.configuration.support.MapJobRegistry] is not eligible for getting processed by all BeanPostProcessors (for example: not eligible for auto-proxying). Is this bean getting eagerly injected into a currently created BeanPostProcessor [jobRegistryBeanPostProcessor]? Check the corresponding BeanPostProcessor declaration and its dependencies.
2025-05-24 06:15:29.990 [main] INFO  org.springframework.boot.web.embedded.tomcat.TomcatWebServer [] [] [] - Tomcat initialized with port 8089 (http)
2025-05-24 06:15:29.993 [main] INFO  org.apache.coyote.http11.Http11NioProtocol [] [] [] - Initializing ProtocolHandler ["http-nio-8089"]
2025-05-24 06:15:29.993 [main] INFO  org.apache.catalina.core.StandardService [] [] [] - Starting service [Tomcat]
2025-05-24 06:15:29.994 [main] INFO  org.apache.catalina.core.StandardEngine [] [] [] - Starting Servlet engine: [Apache Tomcat/10.1.16]
2025-05-24 06:15:30.008 [main] INFO  org.apache.catalina.core.ContainerBase.[Tomcat].[localhost].[/] [] [] [] - Initializing Spring embedded WebApplicationContext
2025-05-24 06:15:30.009 [main] INFO  org.springframework.boot.web.servlet.context.ServletWebServerApplicationContext [] [] [] - Root WebApplicationContext: initialization completed in 343 ms
2025-05-24 06:15:30.052 [main] INFO  org.hibernate.jpa.internal.util.LogHelper [] [] [] - HHH000204: Processing PersistenceUnitInfo [name: default]
2025-05-24 06:15:30.070 [main] INFO  org.hibernate.Version [] [] [] - HHH000412: Hibernate ORM core version 6.3.1.Final
2025-05-24 06:15:30.080 [main] INFO  org.hibernate.cache.internal.RegionFactoryInitiator [] [] [] - HHH000026: Second-level cache disabled
2025-05-24 06:15:30.144 [main] INFO  org.springframework.orm.jpa.persistenceunit.SpringPersistenceUnitInfo [] [] [] - No LoadTimeWeaver setup: ignoring JPA class transformer
2025-05-24 06:15:30.152 [main] INFO  com.zaxxer.hikari.HikariDataSource [] [] [] - HikariPool-1 - Starting...
2025-05-24 06:15:30.230 [main] INFO  com.zaxxer.hikari.pool.HikariPool [] [] [] - HikariPool-1 - Added connection org.postgresql.jdbc.PgConnection@1e606f64
2025-05-24 06:15:30.231 [main] INFO  com.zaxxer.hikari.HikariDataSource [] [] [] - HikariPool-1 - Start completed.
2025-05-24 06:15:30.244 [main] WARN  org.hibernate.orm.deprecation [] [] [] - HHH90000025: PostgreSQLDialect does not need to be specified explicitly using 'hibernate.dialect' (remove the property setting and it will be selected by default)
2025-05-24 06:15:30.485 [main] INFO  org.hibernate.engine.transaction.jta.platform.internal.JtaPlatformInitiator [] [] [] - HHH000489: No JTA platform available (set 'hibernate.transaction.jta.platform' to enable JTA platform integration)
2025-05-24 06:15:30.489 [main] DEBUG org.hibernate.SQL [] [] [] - 
    drop table if exists batch_log cascade
2025-05-24 06:15:30.525 [main] DEBUG org.hibernate.SQL [] [] [] - 
    create table batch_log (
        created_at timestamp(6) not null,
        id bigserial not null,
        log_time timestamp(6) not null,
        log_level varchar(10),
        execution_id varchar(50) not null,
        job_name varchar(100),
        step_name varchar(100),
        thread_name varchar(100),
        logger_name varchar(200),
        additional_info TEXT,
        exception_stack TEXT,
        message TEXT,
        primary key (id)
    )
2025-05-24 06:15:30.548 [main] INFO  org.springframework.orm.jpa.LocalContainerEntityManagerFactoryBean [] [] [] - Initialized JPA EntityManagerFactory for persistence unit 'default'
2025-05-24 06:15:30.649 [main] INFO  org.springframework.data.jpa.repository.query.QueryEnhancerFactory [] [] [] - Hibernate is in classpath; If applicable, HQL parser will be used.
2025-05-24 06:15:30.823 [main] INFO  org.springframework.batch.core.repository.support.JobRepositoryFactoryBean [] [] [] - No database type set, using meta data indicating: POSTGRES
2025-05-24 06:15:30.827 [main] INFO  org.springframework.batch.core.launch.support.SimpleJobLauncher [] [] [] - No TaskExecutor has been set, defaulting to synchronous executor.
2025-05-24 06:15:30.841 [main] INFO  org.springframework.batch.core.configuration.annotation.BatchObservabilityBeanPostProcessor [] [] [] - No Micrometer observation registry found, defaulting to ObservationRegistry.NOOP
2025-05-24 06:15:30.842 [main] INFO  org.springframework.batch.core.configuration.annotation.BatchObservabilityBeanPostProcessor [] [] [] - No Micrometer observation registry found, defaulting to ObservationRegistry.NOOP
2025-05-24 06:15:30.842 [main] INFO  org.springframework.batch.core.configuration.annotation.BatchObservabilityBeanPostProcessor [] [] [] - No Micrometer observation registry found, defaulting to ObservationRegistry.NOOP
2025-05-24 06:15:30.844 [main] INFO  org.springframework.batch.core.configuration.annotation.BatchObservabilityBeanPostProcessor [] [] [] - No Micrometer observation registry found, defaulting to ObservationRegistry.NOOP
2025-05-24 06:15:30.860 [main] WARN  org.springframework.boot.autoconfigure.orm.jpa.JpaBaseConfiguration$JpaWebConfiguration [] [] [] - spring.jpa.open-in-view is enabled by default. Therefore, database queries may be performed during view rendering. Explicitly configure spring.jpa.open-in-view to disable this warning
2025-05-24 06:15:30.956 [main] INFO  org.apache.coyote.http11.Http11NioProtocol [] [] [] - Starting ProtocolHandler ["http-nio-8089"]
2025-05-24 06:15:30.962 [main] INFO  org.springframework.boot.web.embedded.tomcat.TomcatWebServer [] [] [] - Tomcat started on port 8089 (http) with context path ''
2025-05-24 06:15:30.965 [main] INFO  cub.ret.tru.BatchLogSystemApplication [] [] [] - Started BatchLogSystemApplication in 1.419 seconds (process running for 1.676)
2025-05-24 06:15:30.966 [main] INFO  cub.ret.tru.batch.config.BatchLogConfig [] [] [] - DatabaseAppender 已成功配置 BatchLogService
2025-05-24 06:15:41.450 [http-nio-8089-exec-1] INFO  org.apache.catalina.core.ContainerBase.[Tomcat].[localhost].[/] [] [] [] - Initializing Spring DispatcherServlet 'dispatcherServlet'
2025-05-24 06:15:41.450 [http-nio-8089-exec-1] INFO  org.springframework.web.servlet.DispatcherServlet [] [] [] - Initializing Servlet 'dispatcherServlet'
2025-05-24 06:15:41.451 [http-nio-8089-exec-1] INFO  org.springframework.web.servlet.DispatcherServlet [] [] [] - Completed initialization in 1 ms
2025-05-24 06:15:41.462 [http-nio-8089-exec-1] INFO  cub.ret.tru.batch.controller.LogTestController [TEST_20250524061541] [LOG_TEST_JOB] [LOG_TEST_STEP] - === 開始日誌測試 ===
2025-05-24 06:15:41.462 [http-nio-8089-exec-1] INFO  cub.ret.tru.batch.controller.LogTestController [TEST_20250524061541] [LOG_TEST_JOB] [LOG_TEST_STEP] - 執行代號: TEST_20250524061541
2025-05-24 06:15:41.462 [http-nio-8089-exec-1] DEBUG cub.ret.tru.batch.controller.LogTestController [TEST_20250524061541] [LOG_TEST_JOB] [LOG_TEST_STEP] - 這是一條 DEBUG 日誌
2025-05-24 06:15:41.462 [http-nio-8089-exec-1] INFO  cub.ret.tru.batch.controller.LogTestController [TEST_20250524061541] [LOG_TEST_JOB] [LOG_TEST_STEP] - 這是一條 INFO 日誌
2025-05-24 06:15:41.462 [http-nio-8089-exec-1] WARN  cub.ret.tru.batch.controller.LogTestController [TEST_20250524061541] [LOG_TEST_JOB] [LOG_TEST_STEP] - 這是一條 WARN 日誌
2025-05-24 06:15:41.462 [http-nio-8089-exec-1] ERROR cub.ret.tru.batch.controller.LogTestController [TEST_20250524061541] [LOG_TEST_JOB] [LOG_TEST_STEP] - 這是一條 ERROR 日誌
2025-05-24 06:15:41.462 [http-nio-8089-exec-1] ERROR cub.ret.tru.batch.controller.LogTestController [TEST_20250524061541] [LOG_TEST_JOB] [LOG_TEST_STEP] - 捕獲到測試異常
java.lang.RuntimeException: 測試異常記錄
	at cub.ret.tru.batch.controller.LogTestController.testCurrentConfiguration(LogTestController.java:45) ~[classes/:?]
	at java.base/jdk.internal.reflect.DirectMethodHandleAccessor.invoke(DirectMethodHandleAccessor.java:103) ~[?:?]
	at java.base/java.lang.reflect.Method.invoke(Method.java:580) ~[?:?]
	at org.springframework.web.method.support.InvocableHandlerMethod.doInvoke(InvocableHandlerMethod.java:254) ~[spring-web-6.1.1.jar:6.1.1]
	at org.springframework.web.method.support.InvocableHandlerMethod.invokeForRequest(InvocableHandlerMethod.java:182) ~[spring-web-6.1.1.jar:6.1.1]
	at org.springframework.web.servlet.mvc.method.annotation.ServletInvocableHandlerMethod.invokeAndHandle(ServletInvocableHandlerMethod.java:118) ~[spring-webmvc-6.1.1.jar:6.1.1]
	at org.springframework.web.servlet.mvc.method.annotation.RequestMappingHandlerAdapter.invokeHandlerMethod(RequestMappingHandlerAdapter.java:917) ~[spring-webmvc-6.1.1.jar:6.1.1]
	at org.springframework.web.servlet.mvc.method.annotation.RequestMappingHandlerAdapter.handleInternal(RequestMappingHandlerAdapter.java:829) ~[spring-webmvc-6.1.1.jar:6.1.1]
	at org.springframework.web.servlet.mvc.method.AbstractHandlerMethodAdapter.handle(AbstractHandlerMethodAdapter.java:87) ~[spring-webmvc-6.1.1.jar:6.1.1]
	at org.springframework.web.servlet.DispatcherServlet.doDispatch(DispatcherServlet.java:1089) ~[spring-webmvc-6.1.1.jar:6.1.1]
	at org.springframework.web.servlet.DispatcherServlet.doService(DispatcherServlet.java:979) ~[spring-webmvc-6.1.1.jar:6.1.1]
	at org.springframework.web.servlet.FrameworkServlet.processRequest(FrameworkServlet.java:1014) ~[spring-webmvc-6.1.1.jar:6.1.1]
	at org.springframework.web.servlet.FrameworkServlet.doPost(FrameworkServlet.java:914) ~[spring-webmvc-6.1.1.jar:6.1.1]
	at jakarta.servlet.http.HttpServlet.service(HttpServlet.java:590) ~[tomcat-embed-core-10.1.16.jar:6.0]
	at org.springframework.web.servlet.FrameworkServlet.service(FrameworkServlet.java:885) ~[spring-webmvc-6.1.1.jar:6.1.1]
	at jakarta.servlet.http.HttpServlet.service(HttpServlet.java:658) ~[tomcat-embed-core-10.1.16.jar:6.0]
	at org.apache.catalina.core.ApplicationFilterChain.internalDoFilter(ApplicationFilterChain.java:205) ~[tomcat-embed-core-10.1.16.jar:10.1.16]
	at org.apache.catalina.core.ApplicationFilterChain.doFilter(ApplicationFilterChain.java:149) ~[tomcat-embed-core-10.1.16.jar:10.1.16]
	at org.apache.tomcat.websocket.server.WsFilter.doFilter(WsFilter.java:51) ~[tomcat-embed-websocket-10.1.16.jar:10.1.16]
	at org.apache.catalina.core.ApplicationFilterChain.internalDoFilter(ApplicationFilterChain.java:174) ~[tomcat-embed-core-10.1.16.jar:10.1.16]
	at org.apache.catalina.core.ApplicationFilterChain.doFilter(ApplicationFilterChain.java:149) ~[tomcat-embed-core-10.1.16.jar:10.1.16]
	at org.springframework.web.filter.RequestContextFilter.doFilterInternal(RequestContextFilter.java:100) ~[spring-web-6.1.1.jar:6.1.1]
	at org.springframework.web.filter.OncePerRequestFilter.doFilter(OncePerRequestFilter.java:116) ~[spring-web-6.1.1.jar:6.1.1]
	at org.apache.catalina.core.ApplicationFilterChain.internalDoFilter(ApplicationFilterChain.java:174) ~[tomcat-embed-core-10.1.16.jar:10.1.16]
	at org.apache.catalina.core.ApplicationFilterChain.doFilter(ApplicationFilterChain.java:149) ~[tomcat-embed-core-10.1.16.jar:10.1.16]
	at org.springframework.web.filter.FormContentFilter.doFilterInternal(FormContentFilter.java:93) ~[spring-web-6.1.1.jar:6.1.1]
	at org.springframework.web.filter.OncePerRequestFilter.doFilter(OncePerRequestFilter.java:116) ~[spring-web-6.1.1.jar:6.1.1]
	at org.apache.catalina.core.ApplicationFilterChain.internalDoFilter(ApplicationFilterChain.java:174) ~[tomcat-embed-core-10.1.16.jar:10.1.16]
	at org.apache.catalina.core.ApplicationFilterChain.doFilter(ApplicationFilterChain.java:149) ~[tomcat-embed-core-10.1.16.jar:10.1.16]
	at org.springframework.web.filter.CharacterEncodingFilter.doFilterInternal(CharacterEncodingFilter.java:201) ~[spring-web-6.1.1.jar:6.1.1]
	at org.springframework.web.filter.OncePerRequestFilter.doFilter(OncePerRequestFilter.java:116) ~[spring-web-6.1.1.jar:6.1.1]
	at org.apache.catalina.core.ApplicationFilterChain.internalDoFilter(ApplicationFilterChain.java:174) ~[tomcat-embed-core-10.1.16.jar:10.1.16]
	at org.apache.catalina.core.ApplicationFilterChain.doFilter(ApplicationFilterChain.java:149) ~[tomcat-embed-core-10.1.16.jar:10.1.16]
	at org.apache.catalina.core.StandardWrapperValve.invoke(StandardWrapperValve.java:167) ~[tomcat-embed-core-10.1.16.jar:10.1.16]
	at org.apache.catalina.core.StandardContextValve.invoke(StandardContextValve.java:90) ~[tomcat-embed-core-10.1.16.jar:10.1.16]
	at org.apache.catalina.authenticator.AuthenticatorBase.invoke(AuthenticatorBase.java:482) ~[tomcat-embed-core-10.1.16.jar:10.1.16]
	at org.apache.catalina.core.StandardHostValve.invoke(StandardHostValve.java:115) ~[tomcat-embed-core-10.1.16.jar:10.1.16]
	at org.apache.catalina.valves.ErrorReportValve.invoke(ErrorReportValve.java:93) ~[tomcat-embed-core-10.1.16.jar:10.1.16]
	at org.apache.catalina.core.StandardEngineValve.invoke(StandardEngineValve.java:74) ~[tomcat-embed-core-10.1.16.jar:10.1.16]
	at org.apache.catalina.connector.CoyoteAdapter.service(CoyoteAdapter.java:340) ~[tomcat-embed-core-10.1.16.jar:10.1.16]
	at org.apache.coyote.http11.Http11Processor.service(Http11Processor.java:391) ~[tomcat-embed-core-10.1.16.jar:10.1.16]
	at org.apache.coyote.AbstractProcessorLight.process(AbstractProcessorLight.java:63) ~[tomcat-embed-core-10.1.16.jar:10.1.16]
	at org.apache.coyote.AbstractProtocol$ConnectionHandler.process(AbstractProtocol.java:896) ~[tomcat-embed-core-10.1.16.jar:10.1.16]
	at org.apache.tomcat.util.net.NioEndpoint$SocketProcessor.doRun(NioEndpoint.java:1744) ~[tomcat-embed-core-10.1.16.jar:10.1.16]
	at org.apache.tomcat.util.net.SocketProcessorBase.run(SocketProcessorBase.java:52) ~[tomcat-embed-core-10.1.16.jar:10.1.16]
	at org.apache.tomcat.util.threads.ThreadPoolExecutor.runWorker(ThreadPoolExecutor.java:1191) ~[tomcat-embed-core-10.1.16.jar:10.1.16]
	at org.apache.tomcat.util.threads.ThreadPoolExecutor$Worker.run(ThreadPoolExecutor.java:659) ~[tomcat-embed-core-10.1.16.jar:10.1.16]
	at org.apache.tomcat.util.threads.TaskThread$WrappingRunnable.run(TaskThread.java:61) ~[tomcat-embed-core-10.1.16.jar:10.1.16]
	at java.base/java.lang.Thread.run(Thread.java:1575) [?:?]
2025-05-24 06:15:41.465 [http-nio-8089-exec-1] INFO  cub.ret.tru.batch.controller.LogTestController [TEST_20250524061541] [LOG_TEST_JOB] [LOG_TEST_STEP] - === 日誌測試完成 ===
2025-05-24 06:16:34.883 [SpringApplicationShutdownHook] INFO  org.springframework.orm.jpa.LocalContainerEntityManagerFactoryBean [] [] [] - Closing JPA EntityManagerFactory for persistence unit 'default'
2025-05-24 06:16:34.884 [SpringApplicationShutdownHook] INFO  com.zaxxer.hikari.HikariDataSource [] [] [] - HikariPool-1 - Shutdown initiated...
2025-05-24 06:16:34.885 [SpringApplicationShutdownHook] INFO  com.zaxxer.hikari.HikariDataSource [] [] [] - HikariPool-1 - Shutdown completed.
2025-05-24 06:16:36.725 [main] INFO  cub.ret.tru.BatchLogSystemApplication [] [] [] - Starting BatchLogSystemApplication using Java 23.0.2 with PID 34014 (/Users/audi/Downloads/log/target/classes started by audi in /Users/audi/Downloads/log)
2025-05-24 06:16:36.726 [main] DEBUG cub.ret.tru.BatchLogSystemApplication [] [] [] - Running with Spring Boot v3.2.0, Spring v6.1.1
2025-05-24 06:16:36.727 [main] INFO  cub.ret.tru.BatchLogSystemApplication [] [] [] - No active profile set, falling back to 1 default profile: "default"
2025-05-24 06:16:36.852 [main] INFO  org.springframework.batch.core.configuration.annotation.BatchRegistrar [] [] [] - Finished Spring Batch infrastructure beans configuration in 0 ms.
2025-05-24 06:16:36.904 [main] INFO  org.springframework.data.repository.config.RepositoryConfigurationDelegate [] [] [] - Bootstrapping Spring Data JPA repositories in DEFAULT mode.
2025-05-24 06:16:36.921 [main] INFO  org.springframework.data.repository.config.RepositoryConfigurationDelegate [] [] [] - Finished Spring Data repository scanning in 15 ms. Found 1 JPA repository interface.
2025-05-24 06:16:36.991 [main] WARN  org.springframework.context.support.PostProcessorRegistrationDelegate$BeanPostProcessorChecker [] [] [] - Bean 'jobRegistry' of type [org.springframework.batch.core.configuration.support.MapJobRegistry] is not eligible for getting processed by all BeanPostProcessors (for example: not eligible for auto-proxying). Is this bean getting eagerly injected into a currently created BeanPostProcessor [jobRegistryBeanPostProcessor]? Check the corresponding BeanPostProcessor declaration and its dependencies.
2025-05-24 06:16:37.062 [main] INFO  org.springframework.boot.web.embedded.tomcat.TomcatWebServer [] [] [] - Tomcat initialized with port 8089 (http)
2025-05-24 06:16:37.065 [main] INFO  org.apache.coyote.http11.Http11NioProtocol [] [] [] - Initializing ProtocolHandler ["http-nio-8089"]
2025-05-24 06:16:37.066 [main] INFO  org.apache.catalina.core.StandardService [] [] [] - Starting service [Tomcat]
2025-05-24 06:16:37.066 [main] INFO  org.apache.catalina.core.StandardEngine [] [] [] - Starting Servlet engine: [Apache Tomcat/10.1.16]
2025-05-24 06:16:37.081 [main] INFO  org.apache.catalina.core.ContainerBase.[Tomcat].[localhost].[/] [] [] [] - Initializing Spring embedded WebApplicationContext
2025-05-24 06:16:37.082 [main] INFO  org.springframework.boot.web.servlet.context.ServletWebServerApplicationContext [] [] [] - Root WebApplicationContext: initialization completed in 341 ms
2025-05-24 06:16:37.128 [main] INFO  org.hibernate.jpa.internal.util.LogHelper [] [] [] - HHH000204: Processing PersistenceUnitInfo [name: default]
2025-05-24 06:16:37.145 [main] INFO  org.hibernate.Version [] [] [] - HHH000412: Hibernate ORM core version 6.3.1.Final
2025-05-24 06:16:37.157 [main] INFO  org.hibernate.cache.internal.RegionFactoryInitiator [] [] [] - HHH000026: Second-level cache disabled
2025-05-24 06:16:37.220 [main] INFO  org.springframework.orm.jpa.persistenceunit.SpringPersistenceUnitInfo [] [] [] - No LoadTimeWeaver setup: ignoring JPA class transformer
2025-05-24 06:16:37.228 [main] INFO  com.zaxxer.hikari.HikariDataSource [] [] [] - HikariPool-1 - Starting...
2025-05-24 06:16:37.302 [main] INFO  com.zaxxer.hikari.pool.HikariPool [] [] [] - HikariPool-1 - Added connection org.postgresql.jdbc.PgConnection@1e606f64
2025-05-24 06:16:37.303 [main] INFO  com.zaxxer.hikari.HikariDataSource [] [] [] - HikariPool-1 - Start completed.
2025-05-24 06:16:37.316 [main] WARN  org.hibernate.orm.deprecation [] [] [] - HHH90000025: PostgreSQLDialect does not need to be specified explicitly using 'hibernate.dialect' (remove the property setting and it will be selected by default)
2025-05-24 06:16:37.555 [main] INFO  org.hibernate.engine.transaction.jta.platform.internal.JtaPlatformInitiator [] [] [] - HHH000489: No JTA platform available (set 'hibernate.transaction.jta.platform' to enable JTA platform integration)
2025-05-24 06:16:37.560 [main] DEBUG org.hibernate.SQL [] [] [] - 
    drop table if exists batch_log cascade
2025-05-24 06:16:37.635 [main] DEBUG org.hibernate.SQL [] [] [] - 
    create table batch_log (
        created_at timestamp(6) not null,
        id bigserial not null,
        log_time timestamp(6) not null,
        log_level varchar(10),
        execution_id varchar(50) not null,
        job_name varchar(100),
        step_name varchar(100),
        thread_name varchar(100),
        logger_name varchar(200),
        additional_info TEXT,
        exception_stack TEXT,
        message TEXT,
        primary key (id)
    )
2025-05-24 06:16:37.661 [main] INFO  org.springframework.orm.jpa.LocalContainerEntityManagerFactoryBean [] [] [] - Initialized JPA EntityManagerFactory for persistence unit 'default'
2025-05-24 06:16:37.766 [main] INFO  org.springframework.data.jpa.repository.query.QueryEnhancerFactory [] [] [] - Hibernate is in classpath; If applicable, HQL parser will be used.
2025-05-24 06:16:37.947 [main] INFO  org.springframework.batch.core.repository.support.JobRepositoryFactoryBean [] [] [] - No database type set, using meta data indicating: POSTGRES
2025-05-24 06:16:37.952 [main] INFO  org.springframework.batch.core.launch.support.SimpleJobLauncher [] [] [] - No TaskExecutor has been set, defaulting to synchronous executor.
2025-05-24 06:16:37.962 [main] INFO  org.springframework.batch.core.configuration.annotation.BatchObservabilityBeanPostProcessor [] [] [] - No Micrometer observation registry found, defaulting to ObservationRegistry.NOOP
2025-05-24 06:16:37.962 [main] INFO  org.springframework.batch.core.configuration.annotation.BatchObservabilityBeanPostProcessor [] [] [] - No Micrometer observation registry found, defaulting to ObservationRegistry.NOOP
2025-05-24 06:16:37.963 [main] INFO  org.springframework.batch.core.configuration.annotation.BatchObservabilityBeanPostProcessor [] [] [] - No Micrometer observation registry found, defaulting to ObservationRegistry.NOOP
2025-05-24 06:16:37.964 [main] INFO  org.springframework.batch.core.configuration.annotation.BatchObservabilityBeanPostProcessor [] [] [] - No Micrometer observation registry found, defaulting to ObservationRegistry.NOOP
2025-05-24 06:16:37.978 [main] WARN  org.springframework.boot.autoconfigure.orm.jpa.JpaBaseConfiguration$JpaWebConfiguration [] [] [] - spring.jpa.open-in-view is enabled by default. Therefore, database queries may be performed during view rendering. Explicitly configure spring.jpa.open-in-view to disable this warning
2025-05-24 06:16:38.066 [main] INFO  org.apache.coyote.http11.Http11NioProtocol [] [] [] - Starting ProtocolHandler ["http-nio-8089"]
2025-05-24 06:16:38.073 [main] INFO  org.springframework.boot.web.embedded.tomcat.TomcatWebServer [] [] [] - Tomcat started on port 8089 (http) with context path ''
2025-05-24 06:16:38.076 [main] INFO  cub.ret.tru.BatchLogSystemApplication [] [] [] - Started BatchLogSystemApplication in 1.454 seconds (process running for 1.802)
2025-05-24 06:16:38.077 [main] INFO  cub.ret.tru.batch.config.BatchLogConfig [] [] [] - DatabaseAppender 已成功配置 BatchLogService
2025-05-24 06:16:44.084 [http-nio-8089-exec-1] INFO  org.apache.catalina.core.ContainerBase.[Tomcat].[localhost].[/] [] [] [] - Initializing Spring DispatcherServlet 'dispatcherServlet'
2025-05-24 06:16:44.084 [http-nio-8089-exec-1] INFO  org.springframework.web.servlet.DispatcherServlet [] [] [] - Initializing Servlet 'dispatcherServlet'
2025-05-24 06:16:44.085 [http-nio-8089-exec-1] INFO  org.springframework.web.servlet.DispatcherServlet [] [] [] - Completed initialization in 1 ms
2025-05-24 06:16:44.096 [http-nio-8089-exec-1] INFO  cub.ret.tru.batch.controller.LogTestController [TEST_20250524061644] [LOG_TEST_JOB] [LOG_TEST_STEP] - === 開始日誌測試 ===
2025-05-24 06:16:44.098 [http-nio-8089-exec-1] INFO  cub.ret.tru.batch.controller.LogTestController [TEST_20250524061644] [LOG_TEST_JOB] [LOG_TEST_STEP] - 執行代號: TEST_20250524061644
2025-05-24 06:16:44.098 [http-nio-8089-exec-1] DEBUG cub.ret.tru.batch.controller.LogTestController [TEST_20250524061644] [LOG_TEST_JOB] [LOG_TEST_STEP] - 這是一條 DEBUG 日誌
2025-05-24 06:16:44.098 [http-nio-8089-exec-1] INFO  cub.ret.tru.batch.controller.LogTestController [TEST_20250524061644] [LOG_TEST_JOB] [LOG_TEST_STEP] - 這是一條 INFO 日誌
2025-05-24 06:16:44.098 [http-nio-8089-exec-1] WARN  cub.ret.tru.batch.controller.LogTestController [TEST_20250524061644] [LOG_TEST_JOB] [LOG_TEST_STEP] - 這是一條 WARN 日誌
2025-05-24 06:16:44.098 [http-nio-8089-exec-1] ERROR cub.ret.tru.batch.controller.LogTestController [TEST_20250524061644] [LOG_TEST_JOB] [LOG_TEST_STEP] - 這是一條 ERROR 日誌
2025-05-24 06:16:44.098 [http-nio-8089-exec-1] ERROR cub.ret.tru.batch.controller.LogTestController [TEST_20250524061644] [LOG_TEST_JOB] [LOG_TEST_STEP] - 捕獲到測試異常
java.lang.RuntimeException: 測試異常記錄
	at cub.ret.tru.batch.controller.LogTestController.testCurrentConfiguration(LogTestController.java:45) ~[classes/:?]
	at java.base/jdk.internal.reflect.DirectMethodHandleAccessor.invoke(DirectMethodHandleAccessor.java:103) ~[?:?]
	at java.base/java.lang.reflect.Method.invoke(Method.java:580) ~[?:?]
	at org.springframework.web.method.support.InvocableHandlerMethod.doInvoke(InvocableHandlerMethod.java:254) ~[spring-web-6.1.1.jar:6.1.1]
	at org.springframework.web.method.support.InvocableHandlerMethod.invokeForRequest(InvocableHandlerMethod.java:182) ~[spring-web-6.1.1.jar:6.1.1]
	at org.springframework.web.servlet.mvc.method.annotation.ServletInvocableHandlerMethod.invokeAndHandle(ServletInvocableHandlerMethod.java:118) ~[spring-webmvc-6.1.1.jar:6.1.1]
	at org.springframework.web.servlet.mvc.method.annotation.RequestMappingHandlerAdapter.invokeHandlerMethod(RequestMappingHandlerAdapter.java:917) ~[spring-webmvc-6.1.1.jar:6.1.1]
	at org.springframework.web.servlet.mvc.method.annotation.RequestMappingHandlerAdapter.handleInternal(RequestMappingHandlerAdapter.java:829) ~[spring-webmvc-6.1.1.jar:6.1.1]
	at org.springframework.web.servlet.mvc.method.AbstractHandlerMethodAdapter.handle(AbstractHandlerMethodAdapter.java:87) ~[spring-webmvc-6.1.1.jar:6.1.1]
	at org.springframework.web.servlet.DispatcherServlet.doDispatch(DispatcherServlet.java:1089) ~[spring-webmvc-6.1.1.jar:6.1.1]
	at org.springframework.web.servlet.DispatcherServlet.doService(DispatcherServlet.java:979) ~[spring-webmvc-6.1.1.jar:6.1.1]
	at org.springframework.web.servlet.FrameworkServlet.processRequest(FrameworkServlet.java:1014) ~[spring-webmvc-6.1.1.jar:6.1.1]
	at org.springframework.web.servlet.FrameworkServlet.doPost(FrameworkServlet.java:914) ~[spring-webmvc-6.1.1.jar:6.1.1]
	at jakarta.servlet.http.HttpServlet.service(HttpServlet.java:590) ~[tomcat-embed-core-10.1.16.jar:6.0]
	at org.springframework.web.servlet.FrameworkServlet.service(FrameworkServlet.java:885) ~[spring-webmvc-6.1.1.jar:6.1.1]
	at jakarta.servlet.http.HttpServlet.service(HttpServlet.java:658) ~[tomcat-embed-core-10.1.16.jar:6.0]
	at org.apache.catalina.core.ApplicationFilterChain.internalDoFilter(ApplicationFilterChain.java:205) ~[tomcat-embed-core-10.1.16.jar:10.1.16]
	at org.apache.catalina.core.ApplicationFilterChain.doFilter(ApplicationFilterChain.java:149) ~[tomcat-embed-core-10.1.16.jar:10.1.16]
	at org.apache.tomcat.websocket.server.WsFilter.doFilter(WsFilter.java:51) ~[tomcat-embed-websocket-10.1.16.jar:10.1.16]
	at org.apache.catalina.core.ApplicationFilterChain.internalDoFilter(ApplicationFilterChain.java:174) ~[tomcat-embed-core-10.1.16.jar:10.1.16]
	at org.apache.catalina.core.ApplicationFilterChain.doFilter(ApplicationFilterChain.java:149) ~[tomcat-embed-core-10.1.16.jar:10.1.16]
	at org.springframework.web.filter.RequestContextFilter.doFilterInternal(RequestContextFilter.java:100) ~[spring-web-6.1.1.jar:6.1.1]
	at org.springframework.web.filter.OncePerRequestFilter.doFilter(OncePerRequestFilter.java:116) ~[spring-web-6.1.1.jar:6.1.1]
	at org.apache.catalina.core.ApplicationFilterChain.internalDoFilter(ApplicationFilterChain.java:174) ~[tomcat-embed-core-10.1.16.jar:10.1.16]
	at org.apache.catalina.core.ApplicationFilterChain.doFilter(ApplicationFilterChain.java:149) ~[tomcat-embed-core-10.1.16.jar:10.1.16]
	at org.springframework.web.filter.FormContentFilter.doFilterInternal(FormContentFilter.java:93) ~[spring-web-6.1.1.jar:6.1.1]
	at org.springframework.web.filter.OncePerRequestFilter.doFilter(OncePerRequestFilter.java:116) ~[spring-web-6.1.1.jar:6.1.1]
	at org.apache.catalina.core.ApplicationFilterChain.internalDoFilter(ApplicationFilterChain.java:174) ~[tomcat-embed-core-10.1.16.jar:10.1.16]
	at org.apache.catalina.core.ApplicationFilterChain.doFilter(ApplicationFilterChain.java:149) ~[tomcat-embed-core-10.1.16.jar:10.1.16]
	at org.springframework.web.filter.CharacterEncodingFilter.doFilterInternal(CharacterEncodingFilter.java:201) ~[spring-web-6.1.1.jar:6.1.1]
	at org.springframework.web.filter.OncePerRequestFilter.doFilter(OncePerRequestFilter.java:116) ~[spring-web-6.1.1.jar:6.1.1]
	at org.apache.catalina.core.ApplicationFilterChain.internalDoFilter(ApplicationFilterChain.java:174) ~[tomcat-embed-core-10.1.16.jar:10.1.16]
	at org.apache.catalina.core.ApplicationFilterChain.doFilter(ApplicationFilterChain.java:149) ~[tomcat-embed-core-10.1.16.jar:10.1.16]
	at org.apache.catalina.core.StandardWrapperValve.invoke(StandardWrapperValve.java:167) ~[tomcat-embed-core-10.1.16.jar:10.1.16]
	at org.apache.catalina.core.StandardContextValve.invoke(StandardContextValve.java:90) ~[tomcat-embed-core-10.1.16.jar:10.1.16]
	at org.apache.catalina.authenticator.AuthenticatorBase.invoke(AuthenticatorBase.java:482) ~[tomcat-embed-core-10.1.16.jar:10.1.16]
	at org.apache.catalina.core.StandardHostValve.invoke(StandardHostValve.java:115) ~[tomcat-embed-core-10.1.16.jar:10.1.16]
	at org.apache.catalina.valves.ErrorReportValve.invoke(ErrorReportValve.java:93) ~[tomcat-embed-core-10.1.16.jar:10.1.16]
	at org.apache.catalina.core.StandardEngineValve.invoke(StandardEngineValve.java:74) ~[tomcat-embed-core-10.1.16.jar:10.1.16]
	at org.apache.catalina.connector.CoyoteAdapter.service(CoyoteAdapter.java:340) ~[tomcat-embed-core-10.1.16.jar:10.1.16]
	at org.apache.coyote.http11.Http11Processor.service(Http11Processor.java:391) ~[tomcat-embed-core-10.1.16.jar:10.1.16]
	at org.apache.coyote.AbstractProcessorLight.process(AbstractProcessorLight.java:63) ~[tomcat-embed-core-10.1.16.jar:10.1.16]
	at org.apache.coyote.AbstractProtocol$ConnectionHandler.process(AbstractProtocol.java:896) ~[tomcat-embed-core-10.1.16.jar:10.1.16]
	at org.apache.tomcat.util.net.NioEndpoint$SocketProcessor.doRun(NioEndpoint.java:1744) ~[tomcat-embed-core-10.1.16.jar:10.1.16]
	at org.apache.tomcat.util.net.SocketProcessorBase.run(SocketProcessorBase.java:52) ~[tomcat-embed-core-10.1.16.jar:10.1.16]
	at org.apache.tomcat.util.threads.ThreadPoolExecutor.runWorker(ThreadPoolExecutor.java:1191) ~[tomcat-embed-core-10.1.16.jar:10.1.16]
	at org.apache.tomcat.util.threads.ThreadPoolExecutor$Worker.run(ThreadPoolExecutor.java:659) ~[tomcat-embed-core-10.1.16.jar:10.1.16]
	at org.apache.tomcat.util.threads.TaskThread$WrappingRunnable.run(TaskThread.java:61) ~[tomcat-embed-core-10.1.16.jar:10.1.16]
	at java.base/java.lang.Thread.run(Thread.java:1575) [?:?]
2025-05-24 06:16:44.101 [http-nio-8089-exec-1] INFO  cub.ret.tru.batch.controller.LogTestController [TEST_20250524061644] [LOG_TEST_JOB] [LOG_TEST_STEP] - === 日誌測試完成 ===
2025-05-24 06:17:35.218 [main] INFO  cub.ret.tru.BatchLogSystemApplication [] [] [] - Starting BatchLogSystemApplication using Java 23.0.2 with PID 34762 (/Users/audi/Downloads/log/target/classes started by audi in /Users/audi/Downloads/log)
2025-05-24 06:17:35.220 [main] DEBUG cub.ret.tru.BatchLogSystemApplication [] [] [] - Running with Spring Boot v3.2.0, Spring v6.1.1
2025-05-24 06:17:35.221 [main] INFO  cub.ret.tru.BatchLogSystemApplication [] [] [] - No active profile set, falling back to 1 default profile: "default"
2025-05-24 06:17:35.353 [main] INFO  org.springframework.batch.core.configuration.annotation.BatchRegistrar [] [] [] - Finished Spring Batch infrastructure beans configuration in 1 ms.
2025-05-24 06:17:35.409 [main] INFO  org.springframework.data.repository.config.RepositoryConfigurationDelegate [] [] [] - Bootstrapping Spring Data JPA repositories in DEFAULT mode.
2025-05-24 06:17:35.427 [main] INFO  org.springframework.data.repository.config.RepositoryConfigurationDelegate [] [] [] - Finished Spring Data repository scanning in 16 ms. Found 1 JPA repository interface.
2025-05-24 06:17:35.503 [main] WARN  org.springframework.context.support.PostProcessorRegistrationDelegate$BeanPostProcessorChecker [] [] [] - Bean 'jobRegistry' of type [org.springframework.batch.core.configuration.support.MapJobRegistry] is not eligible for getting processed by all BeanPostProcessors (for example: not eligible for auto-proxying). Is this bean getting eagerly injected into a currently created BeanPostProcessor [jobRegistryBeanPostProcessor]? Check the corresponding BeanPostProcessor declaration and its dependencies.
2025-05-24 06:17:35.586 [main] INFO  org.springframework.boot.web.embedded.tomcat.TomcatWebServer [] [] [] - Tomcat initialized with port 8089 (http)
2025-05-24 06:17:35.590 [main] INFO  org.apache.coyote.http11.Http11NioProtocol [] [] [] - Initializing ProtocolHandler ["http-nio-8089"]
2025-05-24 06:17:35.592 [main] INFO  org.apache.catalina.core.StandardService [] [] [] - Starting service [Tomcat]
2025-05-24 06:17:35.595 [main] INFO  org.apache.catalina.core.StandardEngine [] [] [] - Starting Servlet engine: [Apache Tomcat/10.1.16]
2025-05-24 06:17:35.612 [main] INFO  org.apache.catalina.core.ContainerBase.[Tomcat].[localhost].[/] [] [] [] - Initializing Spring embedded WebApplicationContext
2025-05-24 06:17:35.613 [main] INFO  org.springframework.boot.web.servlet.context.ServletWebServerApplicationContext [] [] [] - Root WebApplicationContext: initialization completed in 376 ms
2025-05-24 06:17:35.664 [main] INFO  org.hibernate.jpa.internal.util.LogHelper [] [] [] - HHH000204: Processing PersistenceUnitInfo [name: default]
2025-05-24 06:17:35.683 [main] INFO  org.hibernate.Version [] [] [] - HHH000412: Hibernate ORM core version 6.3.1.Final
2025-05-24 06:17:35.695 [main] INFO  org.hibernate.cache.internal.RegionFactoryInitiator [] [] [] - HHH000026: Second-level cache disabled
2025-05-24 06:17:35.762 [SpringApplicationShutdownHook] INFO  org.springframework.orm.jpa.LocalContainerEntityManagerFactoryBean [] [] [] - Closing JPA EntityManagerFactory for persistence unit 'default'
2025-05-24 06:17:35.763 [SpringApplicationShutdownHook] INFO  com.zaxxer.hikari.HikariDataSource [] [] [] - HikariPool-1 - Shutdown initiated...
2025-05-24 06:17:35.764 [SpringApplicationShutdownHook] INFO  com.zaxxer.hikari.HikariDataSource [] [] [] - HikariPool-1 - Shutdown completed.
2025-05-24 06:17:35.765 [main] INFO  org.springframework.orm.jpa.persistenceunit.SpringPersistenceUnitInfo [] [] [] - No LoadTimeWeaver setup: ignoring JPA class transformer
2025-05-24 06:17:35.773 [main] INFO  com.zaxxer.hikari.HikariDataSource [] [] [] - HikariPool-1 - Starting...
2025-05-24 06:17:35.857 [main] INFO  com.zaxxer.hikari.pool.HikariPool [] [] [] - HikariPool-1 - Added connection org.postgresql.jdbc.PgConnection@70c205bf
2025-05-24 06:17:35.858 [main] INFO  com.zaxxer.hikari.HikariDataSource [] [] [] - HikariPool-1 - Start completed.
2025-05-24 06:17:35.869 [main] WARN  org.hibernate.orm.deprecation [] [] [] - HHH90000025: PostgreSQLDialect does not need to be specified explicitly using 'hibernate.dialect' (remove the property setting and it will be selected by default)
2025-05-24 06:17:36.125 [main] INFO  org.hibernate.engine.transaction.jta.platform.internal.JtaPlatformInitiator [] [] [] - HHH000489: No JTA platform available (set 'hibernate.transaction.jta.platform' to enable JTA platform integration)
2025-05-24 06:17:36.130 [main] DEBUG org.hibernate.SQL [] [] [] - 
    drop table if exists batch_log cascade
2025-05-24 06:17:36.166 [main] DEBUG org.hibernate.SQL [] [] [] - 
    create table batch_log (
        created_at timestamp(6) not null,
        id bigserial not null,
        log_time timestamp(6) not null,
        log_level varchar(10),
        execution_id varchar(50) not null,
        job_name varchar(100),
        step_name varchar(100),
        thread_name varchar(100),
        logger_name varchar(200),
        additional_info TEXT,
        exception_stack TEXT,
        message TEXT,
        primary key (id)
    )
2025-05-24 06:17:36.184 [main] INFO  org.springframework.orm.jpa.LocalContainerEntityManagerFactoryBean [] [] [] - Initialized JPA EntityManagerFactory for persistence unit 'default'
2025-05-24 06:17:36.291 [main] INFO  org.springframework.data.jpa.repository.query.QueryEnhancerFactory [] [] [] - Hibernate is in classpath; If applicable, HQL parser will be used.
2025-05-24 06:17:36.480 [main] INFO  org.springframework.batch.core.repository.support.JobRepositoryFactoryBean [] [] [] - No database type set, using meta data indicating: POSTGRES
2025-05-24 06:17:36.485 [main] INFO  org.springframework.batch.core.launch.support.SimpleJobLauncher [] [] [] - No TaskExecutor has been set, defaulting to synchronous executor.
2025-05-24 06:17:36.495 [main] INFO  org.springframework.batch.core.configuration.annotation.BatchObservabilityBeanPostProcessor [] [] [] - No Micrometer observation registry found, defaulting to ObservationRegistry.NOOP
2025-05-24 06:17:36.495 [main] INFO  org.springframework.batch.core.configuration.annotation.BatchObservabilityBeanPostProcessor [] [] [] - No Micrometer observation registry found, defaulting to ObservationRegistry.NOOP
2025-05-24 06:17:36.496 [main] INFO  org.springframework.batch.core.configuration.annotation.BatchObservabilityBeanPostProcessor [] [] [] - No Micrometer observation registry found, defaulting to ObservationRegistry.NOOP
2025-05-24 06:17:36.497 [main] INFO  org.springframework.batch.core.configuration.annotation.BatchObservabilityBeanPostProcessor [] [] [] - No Micrometer observation registry found, defaulting to ObservationRegistry.NOOP
2025-05-24 06:17:36.514 [main] WARN  org.springframework.boot.autoconfigure.orm.jpa.JpaBaseConfiguration$JpaWebConfiguration [] [] [] - spring.jpa.open-in-view is enabled by default. Therefore, database queries may be performed during view rendering. Explicitly configure spring.jpa.open-in-view to disable this warning
2025-05-24 06:17:36.614 [main] INFO  org.apache.coyote.http11.Http11NioProtocol [] [] [] - Starting ProtocolHandler ["http-nio-8089"]
2025-05-24 06:17:36.623 [main] INFO  org.springframework.boot.web.embedded.tomcat.TomcatWebServer [] [] [] - Tomcat started on port 8089 (http) with context path ''
2025-05-24 06:17:36.626 [main] INFO  cub.ret.tru.BatchLogSystemApplication [] [] [] - Started BatchLogSystemApplication in 1.518 seconds (process running for 1.788)
2025-05-24 06:17:36.627 [main] INFO  cub.ret.tru.batch.config.BatchLogConfig [] [] [] - DatabaseAppender 已成功配置 BatchLogService
2025-05-24 06:17:41.370 [http-nio-8089-exec-1] INFO  org.apache.catalina.core.ContainerBase.[Tomcat].[localhost].[/] [] [] [] - Initializing Spring DispatcherServlet 'dispatcherServlet'
2025-05-24 06:17:41.370 [http-nio-8089-exec-1] INFO  org.springframework.web.servlet.DispatcherServlet [] [] [] - Initializing Servlet 'dispatcherServlet'
2025-05-24 06:17:41.371 [http-nio-8089-exec-1] INFO  org.springframework.web.servlet.DispatcherServlet [] [] [] - Completed initialization in 1 ms
2025-05-24 06:19:31.318 [SpringApplicationShutdownHook] INFO  org.springframework.orm.jpa.LocalContainerEntityManagerFactoryBean [] [] [] - Closing JPA EntityManagerFactory for persistence unit 'default'
2025-05-24 06:19:31.319 [SpringApplicationShutdownHook] INFO  com.zaxxer.hikari.HikariDataSource [] [] [] - HikariPool-1 - Shutdown initiated...
2025-05-24 06:19:31.320 [SpringApplicationShutdownHook] INFO  com.zaxxer.hikari.HikariDataSource [] [] [] - HikariPool-1 - Shutdown completed.
2025-05-24 06:19:48.252 [main] INFO  cub.ret.tru.BatchLogSystemApplication [] [] [] - Starting BatchLogSystemApplication using Java 23.0.2 with PID 35819 (/Users/audi/Downloads/log/target/classes started by audi in /Users/audi/Downloads/log)
2025-05-24 06:19:48.255 [main] DEBUG cub.ret.tru.BatchLogSystemApplication [] [] [] - Running with Spring Boot v3.2.0, Spring v6.1.1
2025-05-24 06:19:48.255 [main] INFO  cub.ret.tru.BatchLogSystemApplication [] [] [] - No active profile set, falling back to 1 default profile: "default"
2025-05-24 06:19:48.409 [main] INFO  org.springframework.batch.core.configuration.annotation.BatchRegistrar [] [] [] - Finished Spring Batch infrastructure beans configuration in 1 ms.
2025-05-24 06:19:48.467 [main] INFO  org.springframework.data.repository.config.RepositoryConfigurationDelegate [] [] [] - Bootstrapping Spring Data JPA repositories in DEFAULT mode.
2025-05-24 06:19:48.487 [main] INFO  org.springframework.data.repository.config.RepositoryConfigurationDelegate [] [] [] - Finished Spring Data repository scanning in 19 ms. Found 1 JPA repository interface.
2025-05-24 06:19:48.587 [main] WARN  org.springframework.context.support.PostProcessorRegistrationDelegate$BeanPostProcessorChecker [] [] [] - Bean 'jobRegistry' of type [org.springframework.batch.core.configuration.support.MapJobRegistry] is not eligible for getting processed by all BeanPostProcessors (for example: not eligible for auto-proxying). Is this bean getting eagerly injected into a currently created BeanPostProcessor [jobRegistryBeanPostProcessor]? Check the corresponding BeanPostProcessor declaration and its dependencies.
2025-05-24 06:19:48.709 [main] INFO  org.springframework.boot.web.embedded.tomcat.TomcatWebServer [] [] [] - Tomcat initialized with port 8089 (http)
2025-05-24 06:19:48.713 [main] INFO  org.apache.coyote.http11.Http11NioProtocol [] [] [] - Initializing ProtocolHandler ["http-nio-8089"]
2025-05-24 06:19:48.714 [main] INFO  org.apache.catalina.core.StandardService [] [] [] - Starting service [Tomcat]
2025-05-24 06:19:48.714 [main] INFO  org.apache.catalina.core.StandardEngine [] [] [] - Starting Servlet engine: [Apache Tomcat/10.1.16]
2025-05-24 06:19:48.732 [main] INFO  org.apache.catalina.core.ContainerBase.[Tomcat].[localhost].[/] [] [] [] - Initializing Spring embedded WebApplicationContext
2025-05-24 06:19:48.735 [main] INFO  org.springframework.boot.web.servlet.context.ServletWebServerApplicationContext [] [] [] - Root WebApplicationContext: initialization completed in 461 ms
2025-05-24 06:19:48.789 [main] INFO  org.hibernate.jpa.internal.util.LogHelper [] [] [] - HHH000204: Processing PersistenceUnitInfo [name: default]
2025-05-24 06:19:48.808 [main] INFO  org.hibernate.Version [] [] [] - HHH000412: Hibernate ORM core version 6.3.1.Final
2025-05-24 06:19:48.819 [main] INFO  org.hibernate.cache.internal.RegionFactoryInitiator [] [] [] - HHH000026: Second-level cache disabled
2025-05-24 06:19:48.891 [main] INFO  org.springframework.orm.jpa.persistenceunit.SpringPersistenceUnitInfo [] [] [] - No LoadTimeWeaver setup: ignoring JPA class transformer
2025-05-24 06:19:48.901 [main] INFO  com.zaxxer.hikari.HikariDataSource [] [] [] - HikariPool-1 - Starting...
2025-05-24 06:19:48.983 [main] INFO  com.zaxxer.hikari.pool.HikariPool [] [] [] - HikariPool-1 - Added connection org.postgresql.jdbc.PgConnection@1e606f64
2025-05-24 06:19:48.983 [main] INFO  com.zaxxer.hikari.HikariDataSource [] [] [] - HikariPool-1 - Start completed.
2025-05-24 06:19:48.997 [main] WARN  org.hibernate.orm.deprecation [] [] [] - HHH90000025: PostgreSQLDialect does not need to be specified explicitly using 'hibernate.dialect' (remove the property setting and it will be selected by default)
2025-05-24 06:19:49.259 [main] INFO  org.hibernate.engine.transaction.jta.platform.internal.JtaPlatformInitiator [] [] [] - HHH000489: No JTA platform available (set 'hibernate.transaction.jta.platform' to enable JTA platform integration)
2025-05-24 06:19:49.264 [main] DEBUG org.hibernate.SQL [] [] [] - 
    drop table if exists batch_log cascade
2025-05-24 06:19:49.312 [main] DEBUG org.hibernate.SQL [] [] [] - 
    create table batch_log (
        created_at timestamp(6) not null,
        id bigserial not null,
        log_time timestamp(6) not null,
        log_level varchar(10),
        execution_id varchar(50) not null,
        job_name varchar(100),
        step_name varchar(100),
        thread_name varchar(100),
        logger_name varchar(200),
        additional_info TEXT,
        exception_stack TEXT,
        message TEXT,
        primary key (id)
    )
2025-05-24 06:19:49.331 [main] INFO  org.springframework.orm.jpa.LocalContainerEntityManagerFactoryBean [] [] [] - Initialized JPA EntityManagerFactory for persistence unit 'default'
2025-05-24 06:19:49.438 [main] INFO  org.springframework.data.jpa.repository.query.QueryEnhancerFactory [] [] [] - Hibernate is in classpath; If applicable, HQL parser will be used.
2025-05-24 06:19:49.627 [main] INFO  org.springframework.batch.core.repository.support.JobRepositoryFactoryBean [] [] [] - No database type set, using meta data indicating: POSTGRES
2025-05-24 06:19:49.632 [main] INFO  org.springframework.batch.core.launch.support.SimpleJobLauncher [] [] [] - No TaskExecutor has been set, defaulting to synchronous executor.
2025-05-24 06:19:49.642 [main] INFO  org.springframework.batch.core.configuration.annotation.BatchObservabilityBeanPostProcessor [] [] [] - No Micrometer observation registry found, defaulting to ObservationRegistry.NOOP
2025-05-24 06:19:49.643 [main] INFO  org.springframework.batch.core.configuration.annotation.BatchObservabilityBeanPostProcessor [] [] [] - No Micrometer observation registry found, defaulting to ObservationRegistry.NOOP
2025-05-24 06:19:49.643 [main] INFO  org.springframework.batch.core.configuration.annotation.BatchObservabilityBeanPostProcessor [] [] [] - No Micrometer observation registry found, defaulting to ObservationRegistry.NOOP
2025-05-24 06:19:49.645 [main] INFO  org.springframework.batch.core.configuration.annotation.BatchObservabilityBeanPostProcessor [] [] [] - No Micrometer observation registry found, defaulting to ObservationRegistry.NOOP
2025-05-24 06:19:49.661 [main] WARN  org.springframework.boot.autoconfigure.orm.jpa.JpaBaseConfiguration$JpaWebConfiguration [] [] [] - spring.jpa.open-in-view is enabled by default. Therefore, database queries may be performed during view rendering. Explicitly configure spring.jpa.open-in-view to disable this warning
2025-05-24 06:19:49.760 [main] INFO  org.apache.coyote.http11.Http11NioProtocol [] [] [] - Starting ProtocolHandler ["http-nio-8089"]
2025-05-24 06:19:49.767 [main] INFO  org.springframework.boot.web.embedded.tomcat.TomcatWebServer [] [] [] - Tomcat started on port 8089 (http) with context path ''
2025-05-24 06:19:49.770 [main] INFO  cub.ret.tru.BatchLogSystemApplication [] [] [] - Started BatchLogSystemApplication in 1.642 seconds (process running for 1.931)
2025-05-24 06:19:49.771 [main] INFO  cub.ret.tru.batch.config.BatchLogConfig [] [] [] - DatabaseAppender 已成功配置 BatchLogService
2025-05-24 06:19:56.826 [http-nio-8089-exec-1] INFO  org.apache.catalina.core.ContainerBase.[Tomcat].[localhost].[/] [] [] [] - Initializing Spring DispatcherServlet 'dispatcherServlet'
2025-05-24 06:19:56.826 [http-nio-8089-exec-1] INFO  org.springframework.web.servlet.DispatcherServlet [] [] [] - Initializing Servlet 'dispatcherServlet'
2025-05-24 06:19:56.827 [http-nio-8089-exec-1] INFO  org.springframework.web.servlet.DispatcherServlet [] [] [] - Completed initialization in 0 ms
2025-05-24 06:24:34.544 [SpringApplicationShutdownHook] INFO  org.springframework.orm.jpa.LocalContainerEntityManagerFactoryBean [] [] [] - Closing JPA EntityManagerFactory for persistence unit 'default'
2025-05-24 06:24:34.546 [SpringApplicationShutdownHook] INFO  com.zaxxer.hikari.HikariDataSource [] [] [] - HikariPool-1 - Shutdown initiated...
2025-05-24 06:24:34.547 [SpringApplicationShutdownHook] INFO  com.zaxxer.hikari.HikariDataSource [] [] [] - HikariPool-1 - Shutdown completed.
2025-05-24 06:24:39.570 [main] INFO  cub.ret.tru.BatchLogSystemApplication [] [] [] - Starting BatchLogSystemApplication using Java 23.0.2 with PID 37218 (/Users/audi/Downloads/log/target/classes started by audi in /Users/audi/Downloads/log)
2025-05-24 06:24:39.572 [main] DEBUG cub.ret.tru.BatchLogSystemApplication [] [] [] - Running with Spring Boot v3.2.0, Spring v6.1.1
2025-05-24 06:24:39.572 [main] INFO  cub.ret.tru.BatchLogSystemApplication [] [] [] - No active profile set, falling back to 1 default profile: "default"
2025-05-24 06:24:39.715 [main] INFO  org.springframework.batch.core.configuration.annotation.BatchRegistrar [] [] [] - Finished Spring Batch infrastructure beans configuration in 1 ms.
2025-05-24 06:24:39.772 [main] INFO  org.springframework.data.repository.config.RepositoryConfigurationDelegate [] [] [] - Bootstrapping Spring Data JPA repositories in DEFAULT mode.
2025-05-24 06:24:39.791 [main] INFO  org.springframework.data.repository.config.RepositoryConfigurationDelegate [] [] [] - Finished Spring Data repository scanning in 16 ms. Found 1 JPA repository interface.
2025-05-24 06:24:39.867 [main] WARN  org.springframework.context.support.PostProcessorRegistrationDelegate$BeanPostProcessorChecker [] [] [] - Bean 'jobRegistry' of type [org.springframework.batch.core.configuration.support.MapJobRegistry] is not eligible for getting processed by all BeanPostProcessors (for example: not eligible for auto-proxying). Is this bean getting eagerly injected into a currently created BeanPostProcessor [jobRegistryBeanPostProcessor]? Check the corresponding BeanPostProcessor declaration and its dependencies.
2025-05-24 06:24:39.944 [main] INFO  org.springframework.boot.web.embedded.tomcat.TomcatWebServer [] [] [] - Tomcat initialized with port 8089 (http)
2025-05-24 06:24:39.947 [main] INFO  org.apache.coyote.http11.Http11NioProtocol [] [] [] - Initializing ProtocolHandler ["http-nio-8089"]
2025-05-24 06:24:39.948 [main] INFO  org.apache.catalina.core.StandardService [] [] [] - Starting service [Tomcat]
2025-05-24 06:24:39.948 [main] INFO  org.apache.catalina.core.StandardEngine [] [] [] - Starting Servlet engine: [Apache Tomcat/10.1.16]
2025-05-24 06:24:39.961 [main] INFO  org.apache.catalina.core.ContainerBase.[Tomcat].[localhost].[/] [] [] [] - Initializing Spring embedded WebApplicationContext
2025-05-24 06:24:39.962 [main] INFO  org.springframework.boot.web.servlet.context.ServletWebServerApplicationContext [] [] [] - Root WebApplicationContext: initialization completed in 373 ms
2025-05-24 06:24:40.008 [main] INFO  org.hibernate.jpa.internal.util.LogHelper [] [] [] - HHH000204: Processing PersistenceUnitInfo [name: default]
2025-05-24 06:24:40.026 [main] INFO  org.hibernate.Version [] [] [] - HHH000412: Hibernate ORM core version 6.3.1.Final
2025-05-24 06:24:40.036 [main] INFO  org.hibernate.cache.internal.RegionFactoryInitiator [] [] [] - HHH000026: Second-level cache disabled
2025-05-24 06:24:40.103 [main] INFO  org.springframework.orm.jpa.persistenceunit.SpringPersistenceUnitInfo [] [] [] - No LoadTimeWeaver setup: ignoring JPA class transformer
2025-05-24 06:24:40.111 [main] INFO  com.zaxxer.hikari.HikariDataSource [] [] [] - HikariPool-1 - Starting...
2025-05-24 06:24:40.186 [main] INFO  com.zaxxer.hikari.pool.HikariPool [] [] [] - HikariPool-1 - Added connection org.postgresql.jdbc.PgConnection@581918f6
2025-05-24 06:24:40.186 [main] INFO  com.zaxxer.hikari.HikariDataSource [] [] [] - HikariPool-1 - Start completed.
2025-05-24 06:24:40.200 [main] WARN  org.hibernate.orm.deprecation [] [] [] - HHH90000025: PostgreSQLDialect does not need to be specified explicitly using 'hibernate.dialect' (remove the property setting and it will be selected by default)
2025-05-24 06:24:40.450 [main] INFO  org.hibernate.engine.transaction.jta.platform.internal.JtaPlatformInitiator [] [] [] - HHH000489: No JTA platform available (set 'hibernate.transaction.jta.platform' to enable JTA platform integration)
2025-05-24 06:24:40.454 [main] DEBUG org.hibernate.SQL [] [] [] - 
    drop table if exists batch_log cascade
2025-05-24 06:24:40.506 [main] DEBUG org.hibernate.SQL [] [] [] - 
    create table batch_log (
        created_at timestamp(6) not null,
        id bigserial not null,
        log_time timestamp(6) not null,
        log_level varchar(10),
        execution_id varchar(50) not null,
        job_name varchar(100),
        step_name varchar(100),
        thread_name varchar(100),
        logger_name varchar(200),
        additional_info TEXT,
        exception_stack TEXT,
        message TEXT,
        primary key (id)
    )
2025-05-24 06:24:40.524 [main] INFO  org.springframework.orm.jpa.LocalContainerEntityManagerFactoryBean [] [] [] - Initialized JPA EntityManagerFactory for persistence unit 'default'
2025-05-24 06:24:40.542 [main] INFO  org.springframework.batch.core.repository.support.JobRepositoryFactoryBean [] [] [] - No database type set, using meta data indicating: POSTGRES
2025-05-24 06:24:40.548 [main] INFO  org.springframework.batch.core.launch.support.SimpleJobLauncher [] [] [] - No TaskExecutor has been set, defaulting to synchronous executor.
2025-05-24 06:24:40.651 [main] INFO  org.springframework.data.jpa.repository.query.QueryEnhancerFactory [] [] [] - Hibernate is in classpath; If applicable, HQL parser will be used.
2025-05-24 06:24:40.837 [main] INFO  org.springframework.batch.core.configuration.annotation.BatchObservabilityBeanPostProcessor [] [] [] - No Micrometer observation registry found, defaulting to ObservationRegistry.NOOP
2025-05-24 06:24:40.837 [main] INFO  org.springframework.batch.core.configuration.annotation.BatchObservabilityBeanPostProcessor [] [] [] - No Micrometer observation registry found, defaulting to ObservationRegistry.NOOP
2025-05-24 06:24:40.837 [main] INFO  org.springframework.batch.core.configuration.annotation.BatchObservabilityBeanPostProcessor [] [] [] - No Micrometer observation registry found, defaulting to ObservationRegistry.NOOP
2025-05-24 06:24:40.839 [main] INFO  org.springframework.batch.core.configuration.annotation.BatchObservabilityBeanPostProcessor [] [] [] - No Micrometer observation registry found, defaulting to ObservationRegistry.NOOP
2025-05-24 06:24:40.856 [main] WARN  org.springframework.boot.autoconfigure.orm.jpa.JpaBaseConfiguration$JpaWebConfiguration [] [] [] - spring.jpa.open-in-view is enabled by default. Therefore, database queries may be performed during view rendering. Explicitly configure spring.jpa.open-in-view to disable this warning
2025-05-24 06:24:40.960 [main] INFO  org.apache.coyote.http11.Http11NioProtocol [] [] [] - Starting ProtocolHandler ["http-nio-8089"]
2025-05-24 06:24:40.966 [main] INFO  org.springframework.boot.web.embedded.tomcat.TomcatWebServer [] [] [] - Tomcat started on port 8089 (http) with context path ''
2025-05-24 06:24:40.970 [main] INFO  cub.ret.tru.BatchLogSystemApplication [] [] [] - Started BatchLogSystemApplication in 1.514 seconds (process running for 1.794)
2025-05-24 06:24:50.711 [http-nio-8089-exec-1] INFO  org.apache.catalina.core.ContainerBase.[Tomcat].[localhost].[/] [] [] [] - Initializing Spring DispatcherServlet 'dispatcherServlet'
2025-05-24 06:24:50.711 [http-nio-8089-exec-1] INFO  org.springframework.web.servlet.DispatcherServlet [] [] [] - Initializing Servlet 'dispatcherServlet'
2025-05-24 06:24:50.712 [http-nio-8089-exec-1] INFO  org.springframework.web.servlet.DispatcherServlet [] [] [] - Completed initialization in 1 ms
2025-05-24 06:24:50.724 [http-nio-8089-exec-1] INFO  cub.ret.tru.batch.controller.LogTestController [TEST_20250524062450] [LOG_TEST_JOB] [LOG_TEST_STEP] - === 開始日誌測試 ===
2025-05-24 06:24:50.724 [http-nio-8089-exec-1] INFO  cub.ret.tru.batch.controller.LogTestController [TEST_20250524062450] [LOG_TEST_JOB] [LOG_TEST_STEP] - 執行代號: TEST_20250524062450
2025-05-24 06:24:50.724 [http-nio-8089-exec-1] DEBUG cub.ret.tru.batch.controller.LogTestController [TEST_20250524062450] [LOG_TEST_JOB] [LOG_TEST_STEP] - 這是一條 DEBUG 日誌
2025-05-24 06:24:50.724 [http-nio-8089-exec-1] INFO  cub.ret.tru.batch.controller.LogTestController [TEST_20250524062450] [LOG_TEST_JOB] [LOG_TEST_STEP] - 這是一條 INFO 日誌
2025-05-24 06:24:50.724 [http-nio-8089-exec-1] WARN  cub.ret.tru.batch.controller.LogTestController [TEST_20250524062450] [LOG_TEST_JOB] [LOG_TEST_STEP] - 這是一條 WARN 日誌
2025-05-24 06:24:50.724 [http-nio-8089-exec-1] ERROR cub.ret.tru.batch.controller.LogTestController [TEST_20250524062450] [LOG_TEST_JOB] [LOG_TEST_STEP] - 這是一條 ERROR 日誌
2025-05-24 06:24:50.724 [http-nio-8089-exec-1] ERROR cub.ret.tru.batch.controller.LogTestController [TEST_20250524062450] [LOG_TEST_JOB] [LOG_TEST_STEP] - 捕獲到測試異常
java.lang.RuntimeException: 測試異常記錄
	at cub.ret.tru.batch.controller.LogTestController.testCurrentConfiguration(LogTestController.java:45) ~[classes/:?]
	at java.base/jdk.internal.reflect.DirectMethodHandleAccessor.invoke(DirectMethodHandleAccessor.java:103) ~[?:?]
	at java.base/java.lang.reflect.Method.invoke(Method.java:580) ~[?:?]
	at org.springframework.web.method.support.InvocableHandlerMethod.doInvoke(InvocableHandlerMethod.java:254) ~[spring-web-6.1.1.jar:6.1.1]
	at org.springframework.web.method.support.InvocableHandlerMethod.invokeForRequest(InvocableHandlerMethod.java:182) ~[spring-web-6.1.1.jar:6.1.1]
	at org.springframework.web.servlet.mvc.method.annotation.ServletInvocableHandlerMethod.invokeAndHandle(ServletInvocableHandlerMethod.java:118) ~[spring-webmvc-6.1.1.jar:6.1.1]
	at org.springframework.web.servlet.mvc.method.annotation.RequestMappingHandlerAdapter.invokeHandlerMethod(RequestMappingHandlerAdapter.java:917) ~[spring-webmvc-6.1.1.jar:6.1.1]
	at org.springframework.web.servlet.mvc.method.annotation.RequestMappingHandlerAdapter.handleInternal(RequestMappingHandlerAdapter.java:829) ~[spring-webmvc-6.1.1.jar:6.1.1]
	at org.springframework.web.servlet.mvc.method.AbstractHandlerMethodAdapter.handle(AbstractHandlerMethodAdapter.java:87) ~[spring-webmvc-6.1.1.jar:6.1.1]
	at org.springframework.web.servlet.DispatcherServlet.doDispatch(DispatcherServlet.java:1089) ~[spring-webmvc-6.1.1.jar:6.1.1]
	at org.springframework.web.servlet.DispatcherServlet.doService(DispatcherServlet.java:979) ~[spring-webmvc-6.1.1.jar:6.1.1]
	at org.springframework.web.servlet.FrameworkServlet.processRequest(FrameworkServlet.java:1014) ~[spring-webmvc-6.1.1.jar:6.1.1]
	at org.springframework.web.servlet.FrameworkServlet.doPost(FrameworkServlet.java:914) ~[spring-webmvc-6.1.1.jar:6.1.1]
	at jakarta.servlet.http.HttpServlet.service(HttpServlet.java:590) ~[tomcat-embed-core-10.1.16.jar:6.0]
	at org.springframework.web.servlet.FrameworkServlet.service(FrameworkServlet.java:885) ~[spring-webmvc-6.1.1.jar:6.1.1]
	at jakarta.servlet.http.HttpServlet.service(HttpServlet.java:658) ~[tomcat-embed-core-10.1.16.jar:6.0]
	at org.apache.catalina.core.ApplicationFilterChain.internalDoFilter(ApplicationFilterChain.java:205) ~[tomcat-embed-core-10.1.16.jar:10.1.16]
	at org.apache.catalina.core.ApplicationFilterChain.doFilter(ApplicationFilterChain.java:149) ~[tomcat-embed-core-10.1.16.jar:10.1.16]
	at org.apache.tomcat.websocket.server.WsFilter.doFilter(WsFilter.java:51) ~[tomcat-embed-websocket-10.1.16.jar:10.1.16]
	at org.apache.catalina.core.ApplicationFilterChain.internalDoFilter(ApplicationFilterChain.java:174) ~[tomcat-embed-core-10.1.16.jar:10.1.16]
	at org.apache.catalina.core.ApplicationFilterChain.doFilter(ApplicationFilterChain.java:149) ~[tomcat-embed-core-10.1.16.jar:10.1.16]
	at org.springframework.web.filter.RequestContextFilter.doFilterInternal(RequestContextFilter.java:100) ~[spring-web-6.1.1.jar:6.1.1]
	at org.springframework.web.filter.OncePerRequestFilter.doFilter(OncePerRequestFilter.java:116) ~[spring-web-6.1.1.jar:6.1.1]
	at org.apache.catalina.core.ApplicationFilterChain.internalDoFilter(ApplicationFilterChain.java:174) ~[tomcat-embed-core-10.1.16.jar:10.1.16]
	at org.apache.catalina.core.ApplicationFilterChain.doFilter(ApplicationFilterChain.java:149) ~[tomcat-embed-core-10.1.16.jar:10.1.16]
	at org.springframework.web.filter.FormContentFilter.doFilterInternal(FormContentFilter.java:93) ~[spring-web-6.1.1.jar:6.1.1]
	at org.springframework.web.filter.OncePerRequestFilter.doFilter(OncePerRequestFilter.java:116) ~[spring-web-6.1.1.jar:6.1.1]
	at org.apache.catalina.core.ApplicationFilterChain.internalDoFilter(ApplicationFilterChain.java:174) ~[tomcat-embed-core-10.1.16.jar:10.1.16]
	at org.apache.catalina.core.ApplicationFilterChain.doFilter(ApplicationFilterChain.java:149) ~[tomcat-embed-core-10.1.16.jar:10.1.16]
	at org.springframework.web.filter.CharacterEncodingFilter.doFilterInternal(CharacterEncodingFilter.java:201) ~[spring-web-6.1.1.jar:6.1.1]
	at org.springframework.web.filter.OncePerRequestFilter.doFilter(OncePerRequestFilter.java:116) ~[spring-web-6.1.1.jar:6.1.1]
	at org.apache.catalina.core.ApplicationFilterChain.internalDoFilter(ApplicationFilterChain.java:174) ~[tomcat-embed-core-10.1.16.jar:10.1.16]
	at org.apache.catalina.core.ApplicationFilterChain.doFilter(ApplicationFilterChain.java:149) ~[tomcat-embed-core-10.1.16.jar:10.1.16]
	at org.apache.catalina.core.StandardWrapperValve.invoke(StandardWrapperValve.java:167) ~[tomcat-embed-core-10.1.16.jar:10.1.16]
	at org.apache.catalina.core.StandardContextValve.invoke(StandardContextValve.java:90) ~[tomcat-embed-core-10.1.16.jar:10.1.16]
	at org.apache.catalina.authenticator.AuthenticatorBase.invoke(AuthenticatorBase.java:482) ~[tomcat-embed-core-10.1.16.jar:10.1.16]
	at org.apache.catalina.core.StandardHostValve.invoke(StandardHostValve.java:115) ~[tomcat-embed-core-10.1.16.jar:10.1.16]
	at org.apache.catalina.valves.ErrorReportValve.invoke(ErrorReportValve.java:93) ~[tomcat-embed-core-10.1.16.jar:10.1.16]
	at org.apache.catalina.core.StandardEngineValve.invoke(StandardEngineValve.java:74) ~[tomcat-embed-core-10.1.16.jar:10.1.16]
	at org.apache.catalina.connector.CoyoteAdapter.service(CoyoteAdapter.java:340) ~[tomcat-embed-core-10.1.16.jar:10.1.16]
	at org.apache.coyote.http11.Http11Processor.service(Http11Processor.java:391) ~[tomcat-embed-core-10.1.16.jar:10.1.16]
	at org.apache.coyote.AbstractProcessorLight.process(AbstractProcessorLight.java:63) ~[tomcat-embed-core-10.1.16.jar:10.1.16]
	at org.apache.coyote.AbstractProtocol$ConnectionHandler.process(AbstractProtocol.java:896) ~[tomcat-embed-core-10.1.16.jar:10.1.16]
	at org.apache.tomcat.util.net.NioEndpoint$SocketProcessor.doRun(NioEndpoint.java:1744) ~[tomcat-embed-core-10.1.16.jar:10.1.16]
	at org.apache.tomcat.util.net.SocketProcessorBase.run(SocketProcessorBase.java:52) ~[tomcat-embed-core-10.1.16.jar:10.1.16]
	at org.apache.tomcat.util.threads.ThreadPoolExecutor.runWorker(ThreadPoolExecutor.java:1191) ~[tomcat-embed-core-10.1.16.jar:10.1.16]
	at org.apache.tomcat.util.threads.ThreadPoolExecutor$Worker.run(ThreadPoolExecutor.java:659) ~[tomcat-embed-core-10.1.16.jar:10.1.16]
	at org.apache.tomcat.util.threads.TaskThread$WrappingRunnable.run(TaskThread.java:61) ~[tomcat-embed-core-10.1.16.jar:10.1.16]
	at java.base/java.lang.Thread.run(Thread.java:1575) [?:?]
2025-05-24 06:24:50.728 [http-nio-8089-exec-1] INFO  cub.ret.tru.batch.controller.LogTestController [TEST_20250524062450] [LOG_TEST_JOB] [LOG_TEST_STEP] - === 日誌測試完成 ===
2025-05-24 06:27:45.148 [main] INFO  cub.ret.tru.BatchLogSystemApplication [] [] [] - Starting BatchLogSystemApplication using Java 23.0.2 with PID 38570 (/Users/audi/Downloads/log/target/classes started by audi in /Users/audi/Downloads/log)
2025-05-24 06:27:45.150 [main] DEBUG cub.ret.tru.BatchLogSystemApplication [] [] [] - Running with Spring Boot v3.2.0, Spring v6.1.1
2025-05-24 06:27:45.150 [main] INFO  cub.ret.tru.BatchLogSystemApplication [] [] [] - No active profile set, falling back to 1 default profile: "default"
2025-05-24 06:27:45.290 [main] INFO  org.springframework.batch.core.configuration.annotation.BatchRegistrar [] [] [] - Finished Spring Batch infrastructure beans configuration in 0 ms.
2025-05-24 06:27:45.349 [main] INFO  org.springframework.data.repository.config.RepositoryConfigurationDelegate [] [] [] - Bootstrapping Spring Data JPA repositories in DEFAULT mode.
2025-05-24 06:27:45.367 [main] INFO  org.springframework.data.repository.config.RepositoryConfigurationDelegate [] [] [] - Finished Spring Data repository scanning in 15 ms. Found 1 JPA repository interface.
2025-05-24 06:27:45.444 [main] WARN  org.springframework.context.support.PostProcessorRegistrationDelegate$BeanPostProcessorChecker [] [] [] - Bean 'jobRegistry' of type [org.springframework.batch.core.configuration.support.MapJobRegistry] is not eligible for getting processed by all BeanPostProcessors (for example: not eligible for auto-proxying). Is this bean getting eagerly injected into a currently created BeanPostProcessor [jobRegistryBeanPostProcessor]? Check the corresponding BeanPostProcessor declaration and its dependencies.
2025-05-24 06:27:45.523 [main] INFO  org.springframework.boot.web.embedded.tomcat.TomcatWebServer [] [] [] - Tomcat initialized with port 8089 (http)
2025-05-24 06:27:45.527 [main] INFO  org.apache.coyote.http11.Http11NioProtocol [] [] [] - Initializing ProtocolHandler ["http-nio-8089"]
2025-05-24 06:27:45.527 [main] INFO  org.apache.catalina.core.StandardService [] [] [] - Starting service [Tomcat]
2025-05-24 06:27:45.527 [main] INFO  org.apache.catalina.core.StandardEngine [] [] [] - Starting Servlet engine: [Apache Tomcat/10.1.16]
2025-05-24 06:27:45.543 [main] INFO  org.apache.catalina.core.ContainerBase.[Tomcat].[localhost].[/] [] [] [] - Initializing Spring embedded WebApplicationContext
2025-05-24 06:27:45.543 [main] INFO  org.springframework.boot.web.servlet.context.ServletWebServerApplicationContext [] [] [] - Root WebApplicationContext: initialization completed in 376 ms
2025-05-24 06:27:45.590 [main] INFO  org.hibernate.jpa.internal.util.LogHelper [] [] [] - HHH000204: Processing PersistenceUnitInfo [name: default]
2025-05-24 06:27:45.610 [main] INFO  org.hibernate.Version [] [] [] - HHH000412: Hibernate ORM core version 6.3.1.Final
2025-05-24 06:27:45.620 [main] INFO  org.hibernate.cache.internal.RegionFactoryInitiator [] [] [] - HHH000026: Second-level cache disabled
2025-05-24 06:27:45.689 [main] INFO  org.springframework.orm.jpa.persistenceunit.SpringPersistenceUnitInfo [] [] [] - No LoadTimeWeaver setup: ignoring JPA class transformer
2025-05-24 06:27:45.698 [main] INFO  com.zaxxer.hikari.HikariDataSource [] [] [] - HikariPool-1 - Starting...
2025-05-24 06:27:45.791 [main] INFO  com.zaxxer.hikari.pool.HikariPool [] [] [] - HikariPool-1 - Added connection org.postgresql.jdbc.PgConnection@54daf8f9
2025-05-24 06:27:45.792 [main] INFO  com.zaxxer.hikari.HikariDataSource [] [] [] - HikariPool-1 - Start completed.
2025-05-24 06:27:45.807 [main] WARN  org.hibernate.orm.deprecation [] [] [] - HHH90000025: PostgreSQLDialect does not need to be specified explicitly using 'hibernate.dialect' (remove the property setting and it will be selected by default)
2025-05-24 06:27:46.066 [main] INFO  org.hibernate.engine.transaction.jta.platform.internal.JtaPlatformInitiator [] [] [] - HHH000489: No JTA platform available (set 'hibernate.transaction.jta.platform' to enable JTA platform integration)
2025-05-24 06:27:46.071 [main] DEBUG org.hibernate.SQL [] [] [] - 
    drop table if exists batch_log cascade
2025-05-24 06:27:46.109 [main] DEBUG org.hibernate.SQL [] [] [] - 
    create table batch_log (
        created_at timestamp(6) not null,
        id bigserial not null,
        log_time timestamp(6) not null,
        log_level varchar(10),
        execution_id varchar(50) not null,
        job_name varchar(100),
        step_name varchar(100),
        thread_name varchar(100),
        logger_name varchar(200),
        additional_info TEXT,
        exception_stack TEXT,
        message TEXT,
        primary key (id)
    )
2025-05-24 06:27:46.126 [main] INFO  org.springframework.orm.jpa.LocalContainerEntityManagerFactoryBean [] [] [] - Initialized JPA EntityManagerFactory for persistence unit 'default'
2025-05-24 06:27:46.141 [main] INFO  org.springframework.batch.core.repository.support.JobRepositoryFactoryBean [] [] [] - No database type set, using meta data indicating: POSTGRES
2025-05-24 06:27:46.148 [main] INFO  org.springframework.batch.core.launch.support.SimpleJobLauncher [] [] [] - No TaskExecutor has been set, defaulting to synchronous executor.
2025-05-24 06:27:46.254 [main] INFO  org.springframework.data.jpa.repository.query.QueryEnhancerFactory [] [] [] - Hibernate is in classpath; If applicable, HQL parser will be used.
2025-05-24 06:27:46.446 [main] INFO  org.springframework.batch.core.configuration.annotation.BatchObservabilityBeanPostProcessor [] [] [] - No Micrometer observation registry found, defaulting to ObservationRegistry.NOOP
2025-05-24 06:27:46.447 [main] INFO  org.springframework.batch.core.configuration.annotation.BatchObservabilityBeanPostProcessor [] [] [] - No Micrometer observation registry found, defaulting to ObservationRegistry.NOOP
2025-05-24 06:27:46.447 [main] INFO  org.springframework.batch.core.configuration.annotation.BatchObservabilityBeanPostProcessor [] [] [] - No Micrometer observation registry found, defaulting to ObservationRegistry.NOOP
2025-05-24 06:27:46.448 [main] INFO  org.springframework.batch.core.configuration.annotation.BatchObservabilityBeanPostProcessor [] [] [] - No Micrometer observation registry found, defaulting to ObservationRegistry.NOOP
2025-05-24 06:27:46.466 [main] WARN  org.springframework.boot.autoconfigure.orm.jpa.JpaBaseConfiguration$JpaWebConfiguration [] [] [] - spring.jpa.open-in-view is enabled by default. Therefore, database queries may be performed during view rendering. Explicitly configure spring.jpa.open-in-view to disable this warning
2025-05-24 06:27:46.565 [main] INFO  org.apache.coyote.http11.Http11NioProtocol [] [] [] - Starting ProtocolHandler ["http-nio-8089"]
2025-05-24 06:27:46.568 [main] WARN  org.springframework.boot.web.servlet.context.AnnotationConfigServletWebServerApplicationContext [] [] [] - Exception encountered during context initialization - cancelling refresh attempt: org.springframework.context.ApplicationContextException: Failed to start bean 'webServerStartStop'
2025-05-24 06:27:46.569 [main] INFO  org.springframework.orm.jpa.LocalContainerEntityManagerFactoryBean [] [] [] - Closing JPA EntityManagerFactory for persistence unit 'default'
2025-05-24 06:27:46.569 [main] INFO  com.zaxxer.hikari.HikariDataSource [] [] [] - HikariPool-1 - Shutdown initiated...
2025-05-24 06:27:46.570 [main] INFO  com.zaxxer.hikari.HikariDataSource [] [] [] - HikariPool-1 - Shutdown completed.
2025-05-24 06:27:46.576 [main] INFO  org.springframework.boot.autoconfigure.logging.ConditionEvaluationReportLogger [] [] [] - 

Error starting ApplicationContext. To display the condition evaluation report re-run your application with 'debug' enabled.
2025-05-24 06:27:46.580 [main] ERROR org.springframework.boot.diagnostics.LoggingFailureAnalysisReporter [] [] [] - 

***************************
APPLICATION FAILED TO START
***************************

Description:

Web server failed to start. Port 8089 was already in use.

Action:

Identify and stop the process that's listening on port 8089 or configure this application to listen on another port.

2025-05-24 06:27:47.305 [SpringApplicationShutdownHook] INFO  org.springframework.orm.jpa.LocalContainerEntityManagerFactoryBean [] [] [] - Closing JPA EntityManagerFactory for persistence unit 'default'
2025-05-24 06:27:47.307 [SpringApplicationShutdownHook] INFO  com.zaxxer.hikari.HikariDataSource [] [] [] - HikariPool-1 - Shutdown initiated...
2025-05-24 06:27:47.308 [SpringApplicationShutdownHook] INFO  com.zaxxer.hikari.HikariDataSource [] [] [] - HikariPool-1 - Shutdown completed.
2025-05-24 06:28:24.323 [main] INFO  cub.ret.tru.BatchLogSystemApplication [] [] [] - Starting BatchLogSystemApplication using Java 23.0.2 with PID 39354 (/Users/audi/Downloads/log/target/classes started by audi in /Users/audi/Downloads/log)
2025-05-24 06:28:24.325 [main] DEBUG cub.ret.tru.BatchLogSystemApplication [] [] [] - Running with Spring Boot v3.2.0, Spring v6.1.1
2025-05-24 06:28:24.325 [main] INFO  cub.ret.tru.BatchLogSystemApplication [] [] [] - No active profile set, falling back to 1 default profile: "default"
2025-05-24 06:28:24.459 [main] INFO  org.springframework.batch.core.configuration.annotation.BatchRegistrar [] [] [] - Finished Spring Batch infrastructure beans configuration in 0 ms.
2025-05-24 06:28:24.507 [main] INFO  org.springframework.data.repository.config.RepositoryConfigurationDelegate [] [] [] - Bootstrapping Spring Data JPA repositories in DEFAULT mode.
2025-05-24 06:28:24.523 [main] INFO  org.springframework.data.repository.config.RepositoryConfigurationDelegate [] [] [] - Finished Spring Data repository scanning in 14 ms. Found 1 JPA repository interface.
2025-05-24 06:28:24.589 [main] WARN  org.springframework.context.support.PostProcessorRegistrationDelegate$BeanPostProcessorChecker [] [] [] - Bean 'jobRegistry' of type [org.springframework.batch.core.configuration.support.MapJobRegistry] is not eligible for getting processed by all BeanPostProcessors (for example: not eligible for auto-proxying). Is this bean getting eagerly injected into a currently created BeanPostProcessor [jobRegistryBeanPostProcessor]? Check the corresponding BeanPostProcessor declaration and its dependencies.
2025-05-24 06:28:24.667 [main] INFO  org.springframework.boot.web.embedded.tomcat.TomcatWebServer [] [] [] - Tomcat initialized with port 8089 (http)
2025-05-24 06:28:24.670 [main] INFO  org.apache.coyote.http11.Http11NioProtocol [] [] [] - Initializing ProtocolHandler ["http-nio-8089"]
2025-05-24 06:28:24.671 [main] INFO  org.apache.catalina.core.StandardService [] [] [] - Starting service [Tomcat]
2025-05-24 06:28:24.671 [main] INFO  org.apache.catalina.core.StandardEngine [] [] [] - Starting Servlet engine: [Apache Tomcat/10.1.16]
2025-05-24 06:28:24.687 [main] INFO  org.apache.catalina.core.ContainerBase.[Tomcat].[localhost].[/] [] [] [] - Initializing Spring embedded WebApplicationContext
2025-05-24 06:28:24.688 [main] INFO  org.springframework.boot.web.servlet.context.ServletWebServerApplicationContext [] [] [] - Root WebApplicationContext: initialization completed in 347 ms
2025-05-24 06:28:24.736 [main] INFO  org.hibernate.jpa.internal.util.LogHelper [] [] [] - HHH000204: Processing PersistenceUnitInfo [name: default]
2025-05-24 06:28:24.750 [main] INFO  org.hibernate.Version [] [] [] - HHH000412: Hibernate ORM core version 6.3.1.Final
2025-05-24 06:28:24.764 [main] INFO  org.hibernate.cache.internal.RegionFactoryInitiator [] [] [] - HHH000026: Second-level cache disabled
2025-05-24 06:28:24.831 [main] INFO  org.springframework.orm.jpa.persistenceunit.SpringPersistenceUnitInfo [] [] [] - No LoadTimeWeaver setup: ignoring JPA class transformer
2025-05-24 06:28:24.839 [main] INFO  com.zaxxer.hikari.HikariDataSource [] [] [] - HikariPool-1 - Starting...
2025-05-24 06:28:24.915 [main] INFO  com.zaxxer.hikari.pool.HikariPool [] [] [] - HikariPool-1 - Added connection org.postgresql.jdbc.PgConnection@54daf8f9
2025-05-24 06:28:24.916 [main] INFO  com.zaxxer.hikari.HikariDataSource [] [] [] - HikariPool-1 - Start completed.
2025-05-24 06:28:24.928 [main] WARN  org.hibernate.orm.deprecation [] [] [] - HHH90000025: PostgreSQLDialect does not need to be specified explicitly using 'hibernate.dialect' (remove the property setting and it will be selected by default)
2025-05-24 06:28:25.163 [main] INFO  org.hibernate.engine.transaction.jta.platform.internal.JtaPlatformInitiator [] [] [] - HHH000489: No JTA platform available (set 'hibernate.transaction.jta.platform' to enable JTA platform integration)
2025-05-24 06:28:25.167 [main] DEBUG org.hibernate.SQL [] [] [] - 
    drop table if exists batch_log cascade
2025-05-24 06:28:25.204 [main] DEBUG org.hibernate.SQL [] [] [] - 
    create table batch_log (
        created_at timestamp(6) not null,
        id bigserial not null,
        log_time timestamp(6) not null,
        log_level varchar(10),
        execution_id varchar(50) not null,
        job_name varchar(100),
        step_name varchar(100),
        thread_name varchar(100),
        logger_name varchar(200),
        additional_info TEXT,
        exception_stack TEXT,
        message TEXT,
        primary key (id)
    )
2025-05-24 06:28:25.222 [main] INFO  org.springframework.orm.jpa.LocalContainerEntityManagerFactoryBean [] [] [] - Initialized JPA EntityManagerFactory for persistence unit 'default'
2025-05-24 06:28:25.236 [main] INFO  org.springframework.batch.core.repository.support.JobRepositoryFactoryBean [] [] [] - No database type set, using meta data indicating: POSTGRES
2025-05-24 06:28:25.243 [main] INFO  org.springframework.batch.core.launch.support.SimpleJobLauncher [] [] [] - No TaskExecutor has been set, defaulting to synchronous executor.
2025-05-24 06:28:25.348 [main] INFO  org.springframework.data.jpa.repository.query.QueryEnhancerFactory [] [] [] - Hibernate is in classpath; If applicable, HQL parser will be used.
2025-05-24 06:28:25.522 [main] INFO  org.springframework.batch.core.configuration.annotation.BatchObservabilityBeanPostProcessor [] [] [] - No Micrometer observation registry found, defaulting to ObservationRegistry.NOOP
2025-05-24 06:28:25.522 [main] INFO  org.springframework.batch.core.configuration.annotation.BatchObservabilityBeanPostProcessor [] [] [] - No Micrometer observation registry found, defaulting to ObservationRegistry.NOOP
2025-05-24 06:28:25.523 [main] INFO  org.springframework.batch.core.configuration.annotation.BatchObservabilityBeanPostProcessor [] [] [] - No Micrometer observation registry found, defaulting to ObservationRegistry.NOOP
2025-05-24 06:28:25.524 [main] INFO  org.springframework.batch.core.configuration.annotation.BatchObservabilityBeanPostProcessor [] [] [] - No Micrometer observation registry found, defaulting to ObservationRegistry.NOOP
2025-05-24 06:28:25.538 [main] WARN  org.springframework.boot.autoconfigure.orm.jpa.JpaBaseConfiguration$JpaWebConfiguration [] [] [] - spring.jpa.open-in-view is enabled by default. Therefore, database queries may be performed during view rendering. Explicitly configure spring.jpa.open-in-view to disable this warning
2025-05-24 06:28:25.626 [main] INFO  org.apache.coyote.http11.Http11NioProtocol [] [] [] - Starting ProtocolHandler ["http-nio-8089"]
2025-05-24 06:28:25.632 [main] INFO  org.springframework.boot.web.embedded.tomcat.TomcatWebServer [] [] [] - Tomcat started on port 8089 (http) with context path ''
2025-05-24 06:28:25.635 [main] INFO  cub.ret.tru.BatchLogSystemApplication [] [] [] - Started BatchLogSystemApplication in 1.418 seconds (process running for 1.67)
2025-05-24 06:28:32.937 [http-nio-8089-exec-1] INFO  org.apache.catalina.core.ContainerBase.[Tomcat].[localhost].[/] [] [] [] - Initializing Spring DispatcherServlet 'dispatcherServlet'
2025-05-24 06:28:32.938 [http-nio-8089-exec-1] INFO  org.springframework.web.servlet.DispatcherServlet [] [] [] - Initializing Servlet 'dispatcherServlet'
2025-05-24 06:28:32.938 [http-nio-8089-exec-1] INFO  org.springframework.web.servlet.DispatcherServlet [] [] [] - Completed initialization in 0 ms
2025-05-24 06:28:32.950 [http-nio-8089-exec-1] INFO  cub.ret.tru.batch.controller.LogTestController [TEST_20250524062832] [LOG_TEST_JOB] [LOG_TEST_STEP] - === 開始日誌測試 ===
2025-05-24 06:28:32.950 [http-nio-8089-exec-1] INFO  cub.ret.tru.batch.controller.LogTestController [TEST_20250524062832] [LOG_TEST_JOB] [LOG_TEST_STEP] - 執行代號: TEST_20250524062832
2025-05-24 06:28:32.950 [http-nio-8089-exec-1] DEBUG cub.ret.tru.batch.controller.LogTestController [TEST_20250524062832] [LOG_TEST_JOB] [LOG_TEST_STEP] - 這是一條 DEBUG 日誌
2025-05-24 06:28:32.950 [http-nio-8089-exec-1] INFO  cub.ret.tru.batch.controller.LogTestController [TEST_20250524062832] [LOG_TEST_JOB] [LOG_TEST_STEP] - 這是一條 INFO 日誌
2025-05-24 06:28:32.950 [http-nio-8089-exec-1] WARN  cub.ret.tru.batch.controller.LogTestController [TEST_20250524062832] [LOG_TEST_JOB] [LOG_TEST_STEP] - 這是一條 WARN 日誌
2025-05-24 06:28:32.950 [http-nio-8089-exec-1] ERROR cub.ret.tru.batch.controller.LogTestController [TEST_20250524062832] [LOG_TEST_JOB] [LOG_TEST_STEP] - 這是一條 ERROR 日誌
2025-05-24 06:28:32.950 [http-nio-8089-exec-1] ERROR cub.ret.tru.batch.controller.LogTestController [TEST_20250524062832] [LOG_TEST_JOB] [LOG_TEST_STEP] - 捕獲到測試異常
java.lang.RuntimeException: 測試異常記錄
	at cub.ret.tru.batch.controller.LogTestController.testCurrentConfiguration(LogTestController.java:45) ~[classes/:?]
	at java.base/jdk.internal.reflect.DirectMethodHandleAccessor.invoke(DirectMethodHandleAccessor.java:103) ~[?:?]
	at java.base/java.lang.reflect.Method.invoke(Method.java:580) ~[?:?]
	at org.springframework.web.method.support.InvocableHandlerMethod.doInvoke(InvocableHandlerMethod.java:254) ~[spring-web-6.1.1.jar:6.1.1]
	at org.springframework.web.method.support.InvocableHandlerMethod.invokeForRequest(InvocableHandlerMethod.java:182) ~[spring-web-6.1.1.jar:6.1.1]
	at org.springframework.web.servlet.mvc.method.annotation.ServletInvocableHandlerMethod.invokeAndHandle(ServletInvocableHandlerMethod.java:118) ~[spring-webmvc-6.1.1.jar:6.1.1]
	at org.springframework.web.servlet.mvc.method.annotation.RequestMappingHandlerAdapter.invokeHandlerMethod(RequestMappingHandlerAdapter.java:917) ~[spring-webmvc-6.1.1.jar:6.1.1]
	at org.springframework.web.servlet.mvc.method.annotation.RequestMappingHandlerAdapter.handleInternal(RequestMappingHandlerAdapter.java:829) ~[spring-webmvc-6.1.1.jar:6.1.1]
	at org.springframework.web.servlet.mvc.method.AbstractHandlerMethodAdapter.handle(AbstractHandlerMethodAdapter.java:87) ~[spring-webmvc-6.1.1.jar:6.1.1]
	at org.springframework.web.servlet.DispatcherServlet.doDispatch(DispatcherServlet.java:1089) ~[spring-webmvc-6.1.1.jar:6.1.1]
	at org.springframework.web.servlet.DispatcherServlet.doService(DispatcherServlet.java:979) ~[spring-webmvc-6.1.1.jar:6.1.1]
	at org.springframework.web.servlet.FrameworkServlet.processRequest(FrameworkServlet.java:1014) ~[spring-webmvc-6.1.1.jar:6.1.1]
	at org.springframework.web.servlet.FrameworkServlet.doPost(FrameworkServlet.java:914) ~[spring-webmvc-6.1.1.jar:6.1.1]
	at jakarta.servlet.http.HttpServlet.service(HttpServlet.java:590) ~[tomcat-embed-core-10.1.16.jar:6.0]
	at org.springframework.web.servlet.FrameworkServlet.service(FrameworkServlet.java:885) ~[spring-webmvc-6.1.1.jar:6.1.1]
	at jakarta.servlet.http.HttpServlet.service(HttpServlet.java:658) ~[tomcat-embed-core-10.1.16.jar:6.0]
	at org.apache.catalina.core.ApplicationFilterChain.internalDoFilter(ApplicationFilterChain.java:205) ~[tomcat-embed-core-10.1.16.jar:10.1.16]
	at org.apache.catalina.core.ApplicationFilterChain.doFilter(ApplicationFilterChain.java:149) ~[tomcat-embed-core-10.1.16.jar:10.1.16]
	at org.apache.tomcat.websocket.server.WsFilter.doFilter(WsFilter.java:51) ~[tomcat-embed-websocket-10.1.16.jar:10.1.16]
	at org.apache.catalina.core.ApplicationFilterChain.internalDoFilter(ApplicationFilterChain.java:174) ~[tomcat-embed-core-10.1.16.jar:10.1.16]
	at org.apache.catalina.core.ApplicationFilterChain.doFilter(ApplicationFilterChain.java:149) ~[tomcat-embed-core-10.1.16.jar:10.1.16]
	at org.springframework.web.filter.RequestContextFilter.doFilterInternal(RequestContextFilter.java:100) ~[spring-web-6.1.1.jar:6.1.1]
	at org.springframework.web.filter.OncePerRequestFilter.doFilter(OncePerRequestFilter.java:116) ~[spring-web-6.1.1.jar:6.1.1]
	at org.apache.catalina.core.ApplicationFilterChain.internalDoFilter(ApplicationFilterChain.java:174) ~[tomcat-embed-core-10.1.16.jar:10.1.16]
	at org.apache.catalina.core.ApplicationFilterChain.doFilter(ApplicationFilterChain.java:149) ~[tomcat-embed-core-10.1.16.jar:10.1.16]
	at org.springframework.web.filter.FormContentFilter.doFilterInternal(FormContentFilter.java:93) ~[spring-web-6.1.1.jar:6.1.1]
	at org.springframework.web.filter.OncePerRequestFilter.doFilter(OncePerRequestFilter.java:116) ~[spring-web-6.1.1.jar:6.1.1]
	at org.apache.catalina.core.ApplicationFilterChain.internalDoFilter(ApplicationFilterChain.java:174) ~[tomcat-embed-core-10.1.16.jar:10.1.16]
	at org.apache.catalina.core.ApplicationFilterChain.doFilter(ApplicationFilterChain.java:149) ~[tomcat-embed-core-10.1.16.jar:10.1.16]
	at org.springframework.web.filter.CharacterEncodingFilter.doFilterInternal(CharacterEncodingFilter.java:201) ~[spring-web-6.1.1.jar:6.1.1]
	at org.springframework.web.filter.OncePerRequestFilter.doFilter(OncePerRequestFilter.java:116) ~[spring-web-6.1.1.jar:6.1.1]
	at org.apache.catalina.core.ApplicationFilterChain.internalDoFilter(ApplicationFilterChain.java:174) ~[tomcat-embed-core-10.1.16.jar:10.1.16]
	at org.apache.catalina.core.ApplicationFilterChain.doFilter(ApplicationFilterChain.java:149) ~[tomcat-embed-core-10.1.16.jar:10.1.16]
	at org.apache.catalina.core.StandardWrapperValve.invoke(StandardWrapperValve.java:167) ~[tomcat-embed-core-10.1.16.jar:10.1.16]
	at org.apache.catalina.core.StandardContextValve.invoke(StandardContextValve.java:90) ~[tomcat-embed-core-10.1.16.jar:10.1.16]
	at org.apache.catalina.authenticator.AuthenticatorBase.invoke(AuthenticatorBase.java:482) ~[tomcat-embed-core-10.1.16.jar:10.1.16]
	at org.apache.catalina.core.StandardHostValve.invoke(StandardHostValve.java:115) ~[tomcat-embed-core-10.1.16.jar:10.1.16]
	at org.apache.catalina.valves.ErrorReportValve.invoke(ErrorReportValve.java:93) ~[tomcat-embed-core-10.1.16.jar:10.1.16]
	at org.apache.catalina.core.StandardEngineValve.invoke(StandardEngineValve.java:74) ~[tomcat-embed-core-10.1.16.jar:10.1.16]
	at org.apache.catalina.connector.CoyoteAdapter.service(CoyoteAdapter.java:340) ~[tomcat-embed-core-10.1.16.jar:10.1.16]
	at org.apache.coyote.http11.Http11Processor.service(Http11Processor.java:391) ~[tomcat-embed-core-10.1.16.jar:10.1.16]
	at org.apache.coyote.AbstractProcessorLight.process(AbstractProcessorLight.java:63) ~[tomcat-embed-core-10.1.16.jar:10.1.16]
	at org.apache.coyote.AbstractProtocol$ConnectionHandler.process(AbstractProtocol.java:896) ~[tomcat-embed-core-10.1.16.jar:10.1.16]
	at org.apache.tomcat.util.net.NioEndpoint$SocketProcessor.doRun(NioEndpoint.java:1744) ~[tomcat-embed-core-10.1.16.jar:10.1.16]
	at org.apache.tomcat.util.net.SocketProcessorBase.run(SocketProcessorBase.java:52) ~[tomcat-embed-core-10.1.16.jar:10.1.16]
	at org.apache.tomcat.util.threads.ThreadPoolExecutor.runWorker(ThreadPoolExecutor.java:1191) ~[tomcat-embed-core-10.1.16.jar:10.1.16]
	at org.apache.tomcat.util.threads.ThreadPoolExecutor$Worker.run(ThreadPoolExecutor.java:659) ~[tomcat-embed-core-10.1.16.jar:10.1.16]
	at org.apache.tomcat.util.threads.TaskThread$WrappingRunnable.run(TaskThread.java:61) ~[tomcat-embed-core-10.1.16.jar:10.1.16]
	at java.base/java.lang.Thread.run(Thread.java:1575) [?:?]
2025-05-24 06:28:32.953 [http-nio-8089-exec-1] INFO  cub.ret.tru.batch.controller.LogTestController [TEST_20250524062832] [LOG_TEST_JOB] [LOG_TEST_STEP] - === 日誌測試完成 ===
2025-05-24 06:29:20.396 [http-nio-8089-exec-2] INFO  org.springframework.batch.core.launch.support.SimpleJobLauncher [] [] [] - Job: [SimpleJob: [name=GET_EMPLOYEE_JOB]] launched with the following parameters: [{'timestamp':'{value=1748039360307, type=class java.lang.Long, identifying=true}'}]
2025-05-24 06:29:20.422 [http-nio-8089-exec-2] INFO  cub.ret.tru.batch.listener.base.BaseJobListener [202505240629GET_EMPLOYEE_JOB] [GET_EMPLOYEE_JOB] [] - === 作業開始執行 ===
2025-05-24 06:29:20.422 [http-nio-8089-exec-2] INFO  cub.ret.tru.batch.listener.base.BaseJobListener [202505240629GET_EMPLOYEE_JOB] [GET_EMPLOYEE_JOB] [] - 執行代號: 202505240629GET_EMPLOYEE_JOB
2025-05-24 06:29:20.422 [http-nio-8089-exec-2] INFO  cub.ret.tru.batch.listener.base.BaseJobListener [202505240629GET_EMPLOYEE_JOB] [GET_EMPLOYEE_JOB] [] - 作業名稱: GET_EMPLOYEE_JOB
2025-05-24 06:29:20.422 [http-nio-8089-exec-2] INFO  cub.ret.tru.batch.listener.base.BaseJobListener [202505240629GET_EMPLOYEE_JOB] [GET_EMPLOYEE_JOB] [] - 作業實例ID: 10
2025-05-24 06:29:20.422 [http-nio-8089-exec-2] INFO  cub.ret.tru.batch.listener.base.BaseJobListener [202505240629GET_EMPLOYEE_JOB] [GET_EMPLOYEE_JOB] [] - 作業執行ID: 10
2025-05-24 06:29:20.422 [http-nio-8089-exec-2] INFO  cub.ret.tru.batch.listener.base.BaseJobListener [202505240629GET_EMPLOYEE_JOB] [GET_EMPLOYEE_JOB] [] - 開始時間: 2025-05-24T06:29:20.400019
2025-05-24 06:29:20.431 [http-nio-8089-exec-2] DEBUG org.hibernate.SQL [202505240629GET_EMPLOYEE_JOB] [GET_EMPLOYEE_JOB] [] - 
    insert 
    into
        batch_log
        (additional_info, created_at, exception_stack, execution_id, job_name, log_level, log_time, logger_name, message, step_name, thread_name) 
    values
        (?, ?, ?, ?, ?, ?, ?, ?, ?, ?, ?)
2025-05-24 06:29:20.488 [http-nio-8089-exec-2] INFO  org.springframework.batch.core.job.SimpleStepHandler [202505240629GET_EMPLOYEE_JOB] [GET_EMPLOYEE_JOB] [] - Executing step: [initializeEmployeeJobContextStep]
2025-05-24 06:29:20.517 [http-nio-8089-exec-2] INFO  cub.ret.tru.batch.job.GetEmployeeJobConfig [202505240629GET_EMPLOYEE_JOB] [GET_EMPLOYEE_JOB] [initializeEmployeeJobContextStep] - STEP 1: 初始化 GET_EMPLOYEE_JOB 作業上下文
2025-05-24 06:29:20.520 [http-nio-8089-exec-2] DEBUG org.hibernate.SQL [202505240629GET_EMPLOYEE_JOB] [GET_EMPLOYEE_JOB] [initializeEmployeeJobContextStep] - 
    insert 
    into
        batch_log
        (additional_info, created_at, exception_stack, execution_id, job_name, log_level, log_time, logger_name, message, step_name, thread_name) 
    values
        (?, ?, ?, ?, ?, ?, ?, ?, ?, ?, ?)
2025-05-24 06:29:20.534 [http-nio-8089-exec-2] INFO  cub.ret.tru.batch.job.GetEmployeeJobConfig [202505240629GET_EMPLOYEE_JOB] [GET_EMPLOYEE_JOB] [initializeEmployeeJobContextStep] - 資料檔案路徑: /tmp/batch/input/BOND_MEMMARK.txt
2025-05-24 06:29:20.534 [http-nio-8089-exec-2] INFO  cub.ret.tru.batch.job.GetEmployeeJobConfig [202505240629GET_EMPLOYEE_JOB] [GET_EMPLOYEE_JOB] [initializeEmployeeJobContextStep] - 備份檔案路徑: /tmp/batch/backup
2025-05-24 06:29:20.534 [http-nio-8089-exec-2] INFO  cub.ret.tru.batch.job.GetEmployeeJobConfig [202505240629GET_EMPLOYEE_JOB] [GET_EMPLOYEE_JOB] [initializeEmployeeJobContextStep] - 原始檔案名稱: BOND_MEMMARK.txt
2025-05-24 06:29:20.535 [http-nio-8089-exec-2] INFO  cub.ret.tru.batch.job.GetEmployeeJobConfig [202505240629GET_EMPLOYEE_JOB] [GET_EMPLOYEE_JOB] [initializeEmployeeJobContextStep] - 執行代號: 202505240629GET_EMPLOYEE_JOB
2025-05-24 06:29:20.535 [http-nio-8089-exec-2] DEBUG org.hibernate.SQL [202505240629GET_EMPLOYEE_JOB] [GET_EMPLOYEE_JOB] [initializeEmployeeJobContextStep] - 
    insert 
    into
        batch_log
        (additional_info, created_at, exception_stack, execution_id, job_name, log_level, log_time, logger_name, message, step_name, thread_name) 
    values
        (?, ?, ?, ?, ?, ?, ?, ?, ?, ?, ?)
2025-05-24 06:29:20.591 [http-nio-8089-exec-2] INFO  org.springframework.batch.core.step.AbstractStep [202505240629GET_EMPLOYEE_JOB] [GET_EMPLOYEE_JOB] [initializeEmployeeJobContextStep] - Step: [initializeEmployeeJobContextStep] executed in 102ms
2025-05-24 06:29:20.644 [http-nio-8089-exec-2] INFO  org.springframework.batch.core.job.SimpleStepHandler [202505240629GET_EMPLOYEE_JOB] [GET_EMPLOYEE_JOB] [initializeEmployeeJobContextStep] - Executing step: [processEmployeeFileStep]
2025-05-24 06:29:20.672 [http-nio-8089-exec-2] INFO  cub.ret.tru.batch.job.GetEmployeeJobConfig [202505240629GET_EMPLOYEE_JOB] [GET_EMPLOYEE_JOB] [processEmployeeFileStep] - STEP 2: 開始處理行員檔案
2025-05-24 06:29:20.673 [http-nio-8089-exec-2] DEBUG org.hibernate.SQL [202505240629GET_EMPLOYEE_JOB] [GET_EMPLOYEE_JOB] [processEmployeeFileStep] - 
    insert 
    into
        batch_log
        (additional_info, created_at, exception_stack, execution_id, job_name, log_level, log_time, logger_name, message, step_name, thread_name) 
    values
        (?, ?, ?, ?, ?, ?, ?, ?, ?, ?, ?)
2025-05-24 06:29:20.686 [http-nio-8089-exec-2] INFO  cub.ret.tru.batch.tasklet.GetEmployeeJobTasklet [202505240629GET_EMPLOYEE_JOB] [GET_EMPLOYEE_JOB] [processEmployeeFileStep] - 開始處理行員檔案: /tmp/batch/input/BOND_MEMMARK.txt
2025-05-24 06:29:20.688 [http-nio-8089-exec-2] DEBUG org.hibernate.SQL [202505240629GET_EMPLOYEE_JOB] [GET_EMPLOYEE_JOB] [processEmployeeFileStep] - 
    insert 
    into
        batch_log
        (additional_info, created_at, exception_stack, execution_id, job_name, log_level, log_time, logger_name, message, step_name, thread_name) 
    values
        (?, ?, ?, ?, ?, ?, ?, ?, ?, ?, ?)
2025-05-24 06:29:20.701 [http-nio-8089-exec-2] INFO  cub.ret.tru.batch.tasklet.GetEmployeeJobTasklet [202505240629GET_EMPLOYEE_JOB] [GET_EMPLOYEE_JOB] [processEmployeeFileStep] - 檔案總行數: 5
2025-05-24 06:29:20.702 [http-nio-8089-exec-2] DEBUG org.hibernate.SQL [202505240629GET_EMPLOYEE_JOB] [GET_EMPLOYEE_JOB] [processEmployeeFileStep] - 
    insert 
    into
        batch_log
        (additional_info, created_at, exception_stack, execution_id, job_name, log_level, log_time, logger_name, message, step_name, thread_name) 
    values
        (?, ?, ?, ?, ?, ?, ?, ?, ?, ?, ?)
2025-05-24 06:29:20.716 [http-nio-8089-exec-2] INFO  cub.ret.tru.batch.tasklet.GetEmployeeJobTasklet [202505240629GET_EMPLOYEE_JOB] [GET_EMPLOYEE_JOB] [processEmployeeFileStep] - 正在解析行員檔案...
2025-05-24 06:29:20.716 [http-nio-8089-exec-2] DEBUG org.hibernate.SQL [202505240629GET_EMPLOYEE_JOB] [GET_EMPLOYEE_JOB] [processEmployeeFileStep] - 
    insert 
    into
        batch_log
        (additional_info, created_at, exception_stack, execution_id, job_name, log_level, log_time, logger_name, message, step_name, thread_name) 
    values
        (?, ?, ?, ?, ?, ?, ?, ?, ?, ?, ?)
2025-05-24 06:29:21.735 [http-nio-8089-exec-2] INFO  cub.ret.tru.batch.tasklet.GetEmployeeJobTasklet [202505240629GET_EMPLOYEE_JOB] [GET_EMPLOYEE_JOB] [processEmployeeFileStep] - 行員檔案處理完成，處理記錄數: 5
2025-05-24 06:29:21.741 [http-nio-8089-exec-2] DEBUG org.hibernate.SQL [202505240629GET_EMPLOYEE_JOB] [GET_EMPLOYEE_JOB] [processEmployeeFileStep] - 
    insert 
    into
        batch_log
        (additional_info, created_at, exception_stack, execution_id, job_name, log_level, log_time, logger_name, message, step_name, thread_name) 
    values
        (?, ?, ?, ?, ?, ?, ?, ?, ?, ?, ?)
2025-05-24 06:29:21.776 [http-nio-8089-exec-2] DEBUG org.hibernate.SQL [202505240629GET_EMPLOYEE_JOB] [GET_EMPLOYEE_JOB] [processEmployeeFileStep] - 
    insert 
    into
        batch_log
        (additional_info, created_at, exception_stack, execution_id, job_name, log_level, log_time, logger_name, message, step_name, thread_name) 
    values
        (?, ?, ?, ?, ?, ?, ?, ?, ?, ?, ?)
2025-05-24 06:29:21.827 [http-nio-8089-exec-2] INFO  org.springframework.batch.core.step.AbstractStep [202505240629GET_EMPLOYEE_JOB] [GET_EMPLOYEE_JOB] [processEmployeeFileStep] - Step: [processEmployeeFileStep] executed in 1s183ms
2025-05-24 06:29:21.879 [http-nio-8089-exec-2] INFO  org.springframework.batch.core.job.SimpleStepHandler [202505240629GET_EMPLOYEE_JOB] [GET_EMPLOYEE_JOB] [processEmployeeFileStep] - Executing step: [backupEmployeeFileStep]
2025-05-24 06:29:21.905 [http-nio-8089-exec-2] INFO  cub.ret.tru.batch.job.GetEmployeeJobConfig [202505240629GET_EMPLOYEE_JOB] [GET_EMPLOYEE_JOB] [backupEmployeeFileStep] - STEP 3: 開始備份檔案
2025-05-24 06:29:21.906 [http-nio-8089-exec-2] DEBUG org.hibernate.SQL [202505240629GET_EMPLOYEE_JOB] [GET_EMPLOYEE_JOB] [backupEmployeeFileStep] - 
    insert 
    into
        batch_log
        (additional_info, created_at, exception_stack, execution_id, job_name, log_level, log_time, logger_name, message, step_name, thread_name) 
    values
        (?, ?, ?, ?, ?, ?, ?, ?, ?, ?, ?)
2025-05-24 06:29:21.925 [http-nio-8089-exec-2] INFO  cub.ret.tru.batch.tasklet.TrustBackupFileTasklet [202505240629GET_EMPLOYEE_JOB] [GET_EMPLOYEE_JOB] [backupEmployeeFileStep] - 開始備份檔案
2025-05-24 06:29:21.925 [http-nio-8089-exec-2] INFO  cub.ret.tru.batch.tasklet.TrustBackupFileTasklet [202505240629GET_EMPLOYEE_JOB] [GET_EMPLOYEE_JOB] [backupEmployeeFileStep] - 來源檔案: /tmp/batch/input/BOND_MEMMARK.txt
2025-05-24 06:29:21.925 [http-nio-8089-exec-2] INFO  cub.ret.tru.batch.tasklet.TrustBackupFileTasklet [202505240629GET_EMPLOYEE_JOB] [GET_EMPLOYEE_JOB] [backupEmployeeFileStep] - 備份目錄: /tmp/batch/backup
2025-05-24 06:29:21.925 [http-nio-8089-exec-2] DEBUG org.hibernate.SQL [202505240629GET_EMPLOYEE_JOB] [GET_EMPLOYEE_JOB] [backupEmployeeFileStep] - 
    insert 
    into
        batch_log
        (additional_info, created_at, exception_stack, execution_id, job_name, log_level, log_time, logger_name, message, step_name, thread_name) 
    values
        (?, ?, ?, ?, ?, ?, ?, ?, ?, ?, ?)
2025-05-24 06:29:21.941 [http-nio-8089-exec-2] INFO  cub.ret.tru.batch.tasklet.TrustBackupFileTasklet [202505240629GET_EMPLOYEE_JOB] [GET_EMPLOYEE_JOB] [backupEmployeeFileStep] - 檔案備份完成
2025-05-24 06:29:21.942 [http-nio-8089-exec-2] INFO  cub.ret.tru.batch.tasklet.TrustBackupFileTasklet [202505240629GET_EMPLOYEE_JOB] [GET_EMPLOYEE_JOB] [backupEmployeeFileStep] - 備份檔案: /tmp/batch/backup/BOND_MEMMARK_20250524_062921_202505240629GET_EMPLOYEE_JOB.txt
2025-05-24 06:29:21.942 [http-nio-8089-exec-2] INFO  cub.ret.tru.batch.tasklet.TrustBackupFileTasklet [202505240629GET_EMPLOYEE_JOB] [GET_EMPLOYEE_JOB] [backupEmployeeFileStep] - 檔案大小: 243 bytes
2025-05-24 06:29:21.942 [http-nio-8089-exec-2] DEBUG org.hibernate.SQL [202505240629GET_EMPLOYEE_JOB] [GET_EMPLOYEE_JOB] [backupEmployeeFileStep] - 
    insert 
    into
        batch_log
        (additional_info, created_at, exception_stack, execution_id, job_name, log_level, log_time, logger_name, message, step_name, thread_name) 
    values
        (?, ?, ?, ?, ?, ?, ?, ?, ?, ?, ?)
2025-05-24 06:29:21.956 [http-nio-8089-exec-2] DEBUG org.hibernate.SQL [202505240629GET_EMPLOYEE_JOB] [GET_EMPLOYEE_JOB] [backupEmployeeFileStep] - 
    insert 
    into
        batch_log
        (additional_info, created_at, exception_stack, execution_id, job_name, log_level, log_time, logger_name, message, step_name, thread_name) 
    values
        (?, ?, ?, ?, ?, ?, ?, ?, ?, ?, ?)
2025-05-24 06:29:21.997 [http-nio-8089-exec-2] INFO  org.springframework.batch.core.step.AbstractStep [202505240629GET_EMPLOYEE_JOB] [GET_EMPLOYEE_JOB] [backupEmployeeFileStep] - Step: [backupEmployeeFileStep] executed in 117ms
2025-05-24 06:29:22.028 [http-nio-8089-exec-2] INFO  cub.ret.tru.batch.listener.base.BaseJobListener [202505240629GET_EMPLOYEE_JOB] [GET_EMPLOYEE_JOB] [backupEmployeeFileStep] - === 作業執行完成 ===
2025-05-24 06:29:22.028 [http-nio-8089-exec-2] INFO  cub.ret.tru.batch.listener.base.BaseJobListener [202505240629GET_EMPLOYEE_JOB] [GET_EMPLOYEE_JOB] [backupEmployeeFileStep] - 執行代號: 202505240629GET_EMPLOYEE_JOB
2025-05-24 06:29:22.028 [http-nio-8089-exec-2] INFO  cub.ret.tru.batch.listener.base.BaseJobListener [202505240629GET_EMPLOYEE_JOB] [GET_EMPLOYEE_JOB] [backupEmployeeFileStep] - 作業名稱: GET_EMPLOYEE_JOB
2025-05-24 06:29:22.028 [http-nio-8089-exec-2] INFO  cub.ret.tru.batch.listener.base.BaseJobListener [202505240629GET_EMPLOYEE_JOB] [GET_EMPLOYEE_JOB] [backupEmployeeFileStep] - 執行狀態: COMPLETED
2025-05-24 06:29:22.028 [http-nio-8089-exec-2] INFO  cub.ret.tru.batch.listener.base.BaseJobListener [202505240629GET_EMPLOYEE_JOB] [GET_EMPLOYEE_JOB] [backupEmployeeFileStep] - 結束時間: 2025-05-24T06:29:22.028028
2025-05-24 06:29:22.028 [http-nio-8089-exec-2] INFO  cub.ret.tru.batch.listener.base.BaseJobListener [202505240629GET_EMPLOYEE_JOB] [GET_EMPLOYEE_JOB] [backupEmployeeFileStep] - 作業執行成功完成
2025-05-24 06:29:22.028 [http-nio-8089-exec-2] DEBUG org.hibernate.SQL [202505240629GET_EMPLOYEE_JOB] [GET_EMPLOYEE_JOB] [backupEmployeeFileStep] - 
    insert 
    into
        batch_log
        (additional_info, created_at, exception_stack, execution_id, job_name, log_level, log_time, logger_name, message, step_name, thread_name) 
    values
        (?, ?, ?, ?, ?, ?, ?, ?, ?, ?, ?)
2025-05-24 06:29:22.058 [http-nio-8089-exec-2] INFO  org.springframework.batch.core.launch.support.SimpleJobLauncher [] [] [] - Job: [SimpleJob: [name=GET_EMPLOYEE_JOB]] completed with the following parameters: [{'timestamp':'{value=1748039360307, type=class java.lang.Long, identifying=true}'}] and the following status: [COMPLETED] in 1s628ms
2025-05-24 06:33:19.513 [http-nio-8089-exec-3] INFO  cub.ret.tru.batch.controller.LogTestController [BATCH_TEST_20250524063319] [BATCH_LOG_TEST_JOB] [BATCH_LOG_TEST_STEP] - 批量測試日誌 #1: 當前時間 2025-05-24T06:33:19.513775
2025-05-24 06:33:19.513 [http-nio-8089-exec-3] INFO  cub.ret.tru.batch.controller.LogTestController [BATCH_TEST_20250524063319] [BATCH_LOG_TEST_JOB] [BATCH_LOG_TEST_STEP] - 批量測試日誌 #2: 當前時間 2025-05-24T06:33:19.513970
2025-05-24 06:33:19.514 [http-nio-8089-exec-3] INFO  cub.ret.tru.batch.controller.LogTestController [BATCH_TEST_20250524063319] [BATCH_LOG_TEST_JOB] [BATCH_LOG_TEST_STEP] - 批量測試日誌 #3: 當前時間 2025-05-24T06:33:19.514038
2025-05-24 06:33:19.514 [http-nio-8089-exec-3] INFO  cub.ret.tru.batch.controller.LogTestController [BATCH_TEST_20250524063319] [BATCH_LOG_TEST_JOB] [BATCH_LOG_TEST_STEP] - 批量測試日誌 #4: 當前時間 2025-05-24T06:33:19.514093
2025-05-24 06:33:19.514 [http-nio-8089-exec-3] INFO  cub.ret.tru.batch.controller.LogTestController [BATCH_TEST_20250524063319] [BATCH_LOG_TEST_JOB] [BATCH_LOG_TEST_STEP] - 批量測試日誌 #5: 當前時間 2025-05-24T06:33:19.514139
2025-05-24 06:33:19.514 [http-nio-8089-exec-3] INFO  cub.ret.tru.batch.controller.LogTestController [BATCH_TEST_20250524063319] [BATCH_LOG_TEST_JOB] [BATCH_LOG_TEST_STEP] - 批量測試日誌 #6: 當前時間 2025-05-24T06:33:19.514185
2025-05-24 06:33:19.514 [http-nio-8089-exec-3] INFO  cub.ret.tru.batch.controller.LogTestController [BATCH_TEST_20250524063319] [BATCH_LOG_TEST_JOB] [BATCH_LOG_TEST_STEP] - 批量測試日誌 #7: 當前時間 2025-05-24T06:33:19.514237
2025-05-24 06:33:19.514 [http-nio-8089-exec-3] INFO  cub.ret.tru.batch.controller.LogTestController [BATCH_TEST_20250524063319] [BATCH_LOG_TEST_JOB] [BATCH_LOG_TEST_STEP] - 批量測試日誌 #8: 當前時間 2025-05-24T06:33:19.514281
2025-05-24 06:33:19.514 [http-nio-8089-exec-3] INFO  cub.ret.tru.batch.controller.LogTestController [BATCH_TEST_20250524063319] [BATCH_LOG_TEST_JOB] [BATCH_LOG_TEST_STEP] - 批量測試日誌 #9: 當前時間 2025-05-24T06:33:19.514328
2025-05-24 06:33:19.514 [http-nio-8089-exec-3] INFO  cub.ret.tru.batch.controller.LogTestController [BATCH_TEST_20250524063319] [BATCH_LOG_TEST_JOB] [BATCH_LOG_TEST_STEP] - 批量測試日誌 #10: 當前時間 2025-05-24T06:33:19.514373
2025-05-24 06:33:19.514 [http-nio-8089-exec-3] WARN  cub.ret.tru.batch.controller.LogTestController [BATCH_TEST_20250524063319] [BATCH_LOG_TEST_JOB] [BATCH_LOG_TEST_STEP] - 每10條的警告日誌 #10
2025-05-24 06:33:19.514 [http-nio-8089-exec-3] INFO  cub.ret.tru.batch.controller.LogTestController [BATCH_TEST_20250524063319] [BATCH_LOG_TEST_JOB] [BATCH_LOG_TEST_STEP] - 批量測試日誌 #11: 當前時間 2025-05-24T06:33:19.514455
2025-05-24 06:33:19.514 [http-nio-8089-exec-3] INFO  cub.ret.tru.batch.controller.LogTestController [BATCH_TEST_20250524063319] [BATCH_LOG_TEST_JOB] [BATCH_LOG_TEST_STEP] - 批量測試日誌 #12: 當前時間 2025-05-24T06:33:19.514496
2025-05-24 06:33:19.514 [http-nio-8089-exec-3] INFO  cub.ret.tru.batch.controller.LogTestController [BATCH_TEST_20250524063319] [BATCH_LOG_TEST_JOB] [BATCH_LOG_TEST_STEP] - 批量測試日誌 #13: 當前時間 2025-05-24T06:33:19.514544
2025-05-24 06:33:19.514 [http-nio-8089-exec-3] INFO  cub.ret.tru.batch.controller.LogTestController [BATCH_TEST_20250524063319] [BATCH_LOG_TEST_JOB] [BATCH_LOG_TEST_STEP] - 批量測試日誌 #14: 當前時間 2025-05-24T06:33:19.514588
2025-05-24 06:33:19.514 [http-nio-8089-exec-3] INFO  cub.ret.tru.batch.controller.LogTestController [BATCH_TEST_20250524063319] [BATCH_LOG_TEST_JOB] [BATCH_LOG_TEST_STEP] - 批量測試日誌 #15: 當前時間 2025-05-24T06:33:19.514632
2025-05-24 06:33:19.514 [http-nio-8089-exec-3] INFO  cub.ret.tru.batch.controller.LogTestController [BATCH_TEST_20250524063319] [BATCH_LOG_TEST_JOB] [BATCH_LOG_TEST_STEP] - 批量測試日誌 #16: 當前時間 2025-05-24T06:33:19.514684
2025-05-24 06:33:19.514 [http-nio-8089-exec-3] INFO  cub.ret.tru.batch.controller.LogTestController [BATCH_TEST_20250524063319] [BATCH_LOG_TEST_JOB] [BATCH_LOG_TEST_STEP] - 批量測試日誌 #17: 當前時間 2025-05-24T06:33:19.514728
2025-05-24 06:33:19.514 [http-nio-8089-exec-3] INFO  cub.ret.tru.batch.controller.LogTestController [BATCH_TEST_20250524063319] [BATCH_LOG_TEST_JOB] [BATCH_LOG_TEST_STEP] - 批量測試日誌 #18: 當前時間 2025-05-24T06:33:19.514766
2025-05-24 06:33:19.514 [http-nio-8089-exec-3] INFO  cub.ret.tru.batch.controller.LogTestController [BATCH_TEST_20250524063319] [BATCH_LOG_TEST_JOB] [BATCH_LOG_TEST_STEP] - 批量測試日誌 #19: 當前時間 2025-05-24T06:33:19.514809
2025-05-24 06:33:19.514 [http-nio-8089-exec-3] INFO  cub.ret.tru.batch.controller.LogTestController [BATCH_TEST_20250524063319] [BATCH_LOG_TEST_JOB] [BATCH_LOG_TEST_STEP] - 批量測試日誌 #20: 當前時間 2025-05-24T06:33:19.514848
2025-05-24 06:33:19.514 [http-nio-8089-exec-3] WARN  cub.ret.tru.batch.controller.LogTestController [BATCH_TEST_20250524063319] [BATCH_LOG_TEST_JOB] [BATCH_LOG_TEST_STEP] - 每10條的警告日誌 #20
2025-05-24 06:33:19.514 [http-nio-8089-exec-3] INFO  cub.ret.tru.batch.controller.LogTestController [BATCH_TEST_20250524063319] [BATCH_LOG_TEST_JOB] [BATCH_LOG_TEST_STEP] - 批量測試日誌 #21: 當前時間 2025-05-24T06:33:19.514924
2025-05-24 06:33:19.514 [http-nio-8089-exec-3] INFO  cub.ret.tru.batch.controller.LogTestController [BATCH_TEST_20250524063319] [BATCH_LOG_TEST_JOB] [BATCH_LOG_TEST_STEP] - 批量測試日誌 #22: 當前時間 2025-05-24T06:33:19.514971
2025-05-24 06:33:19.515 [http-nio-8089-exec-3] INFO  cub.ret.tru.batch.controller.LogTestController [BATCH_TEST_20250524063319] [BATCH_LOG_TEST_JOB] [BATCH_LOG_TEST_STEP] - 批量測試日誌 #23: 當前時間 2025-05-24T06:33:19.515010
2025-05-24 06:33:19.515 [http-nio-8089-exec-3] INFO  cub.ret.tru.batch.controller.LogTestController [BATCH_TEST_20250524063319] [BATCH_LOG_TEST_JOB] [BATCH_LOG_TEST_STEP] - 批量測試日誌 #24: 當前時間 2025-05-24T06:33:19.515056
2025-05-24 06:33:19.515 [http-nio-8089-exec-3] INFO  cub.ret.tru.batch.controller.LogTestController [BATCH_TEST_20250524063319] [BATCH_LOG_TEST_JOB] [BATCH_LOG_TEST_STEP] - 批量測試日誌 #25: 當前時間 2025-05-24T06:33:19.515094
2025-05-24 06:33:19.515 [http-nio-8089-exec-3] INFO  cub.ret.tru.batch.controller.LogTestController [BATCH_TEST_20250524063319] [BATCH_LOG_TEST_JOB] [BATCH_LOG_TEST_STEP] - 批量測試日誌 #26: 當前時間 2025-05-24T06:33:19.515139
2025-05-24 06:33:19.515 [http-nio-8089-exec-3] INFO  cub.ret.tru.batch.controller.LogTestController [BATCH_TEST_20250524063319] [BATCH_LOG_TEST_JOB] [BATCH_LOG_TEST_STEP] - 批量測試日誌 #27: 當前時間 2025-05-24T06:33:19.515180
2025-05-24 06:33:19.515 [http-nio-8089-exec-3] INFO  cub.ret.tru.batch.controller.LogTestController [BATCH_TEST_20250524063319] [BATCH_LOG_TEST_JOB] [BATCH_LOG_TEST_STEP] - 批量測試日誌 #28: 當前時間 2025-05-24T06:33:19.515222
2025-05-24 06:33:19.515 [http-nio-8089-exec-3] INFO  cub.ret.tru.batch.controller.LogTestController [BATCH_TEST_20250524063319] [BATCH_LOG_TEST_JOB] [BATCH_LOG_TEST_STEP] - 批量測試日誌 #29: 當前時間 2025-05-24T06:33:19.515352
2025-05-24 06:33:19.515 [http-nio-8089-exec-3] INFO  cub.ret.tru.batch.controller.LogTestController [BATCH_TEST_20250524063319] [BATCH_LOG_TEST_JOB] [BATCH_LOG_TEST_STEP] - 批量測試日誌 #30: 當前時間 2025-05-24T06:33:19.515393
2025-05-24 06:33:19.515 [http-nio-8089-exec-3] WARN  cub.ret.tru.batch.controller.LogTestController [BATCH_TEST_20250524063319] [BATCH_LOG_TEST_JOB] [BATCH_LOG_TEST_STEP] - 每10條的警告日誌 #30
2025-05-24 06:33:19.515 [http-nio-8089-exec-3] INFO  cub.ret.tru.batch.controller.LogTestController [BATCH_TEST_20250524063319] [BATCH_LOG_TEST_JOB] [BATCH_LOG_TEST_STEP] - 批量測試日誌 #31: 當前時間 2025-05-24T06:33:19.515517
2025-05-24 06:33:19.515 [http-nio-8089-exec-3] INFO  cub.ret.tru.batch.controller.LogTestController [BATCH_TEST_20250524063319] [BATCH_LOG_TEST_JOB] [BATCH_LOG_TEST_STEP] - 批量測試日誌 #32: 當前時間 2025-05-24T06:33:19.515556
2025-05-24 06:33:19.515 [http-nio-8089-exec-3] INFO  cub.ret.tru.batch.controller.LogTestController [BATCH_TEST_20250524063319] [BATCH_LOG_TEST_JOB] [BATCH_LOG_TEST_STEP] - 批量測試日誌 #33: 當前時間 2025-05-24T06:33:19.515754
2025-05-24 06:33:19.515 [http-nio-8089-exec-3] INFO  cub.ret.tru.batch.controller.LogTestController [BATCH_TEST_20250524063319] [BATCH_LOG_TEST_JOB] [BATCH_LOG_TEST_STEP] - 批量測試日誌 #34: 當前時間 2025-05-24T06:33:19.515825
2025-05-24 06:33:19.515 [http-nio-8089-exec-3] INFO  cub.ret.tru.batch.controller.LogTestController [BATCH_TEST_20250524063319] [BATCH_LOG_TEST_JOB] [BATCH_LOG_TEST_STEP] - 批量測試日誌 #35: 當前時間 2025-05-24T06:33:19.515930
2025-05-24 06:33:19.515 [http-nio-8089-exec-3] INFO  cub.ret.tru.batch.controller.LogTestController [BATCH_TEST_20250524063319] [BATCH_LOG_TEST_JOB] [BATCH_LOG_TEST_STEP] - 批量測試日誌 #36: 當前時間 2025-05-24T06:33:19.515987
2025-05-24 06:33:19.516 [http-nio-8089-exec-3] INFO  cub.ret.tru.batch.controller.LogTestController [BATCH_TEST_20250524063319] [BATCH_LOG_TEST_JOB] [BATCH_LOG_TEST_STEP] - 批量測試日誌 #37: 當前時間 2025-05-24T06:33:19.516031
2025-05-24 06:33:19.516 [http-nio-8089-exec-3] INFO  cub.ret.tru.batch.controller.LogTestController [BATCH_TEST_20250524063319] [BATCH_LOG_TEST_JOB] [BATCH_LOG_TEST_STEP] - 批量測試日誌 #38: 當前時間 2025-05-24T06:33:19.516074
2025-05-24 06:33:19.516 [http-nio-8089-exec-3] INFO  cub.ret.tru.batch.controller.LogTestController [BATCH_TEST_20250524063319] [BATCH_LOG_TEST_JOB] [BATCH_LOG_TEST_STEP] - 批量測試日誌 #39: 當前時間 2025-05-24T06:33:19.516109
2025-05-24 06:33:19.516 [http-nio-8089-exec-3] INFO  cub.ret.tru.batch.controller.LogTestController [BATCH_TEST_20250524063319] [BATCH_LOG_TEST_JOB] [BATCH_LOG_TEST_STEP] - 批量測試日誌 #40: 當前時間 2025-05-24T06:33:19.516144
2025-05-24 06:33:19.516 [http-nio-8089-exec-3] WARN  cub.ret.tru.batch.controller.LogTestController [BATCH_TEST_20250524063319] [BATCH_LOG_TEST_JOB] [BATCH_LOG_TEST_STEP] - 每10條的警告日誌 #40
2025-05-24 06:33:19.516 [http-nio-8089-exec-3] INFO  cub.ret.tru.batch.controller.LogTestController [BATCH_TEST_20250524063319] [BATCH_LOG_TEST_JOB] [BATCH_LOG_TEST_STEP] - 批量測試日誌 #41: 當前時間 2025-05-24T06:33:19.516210
2025-05-24 06:33:19.516 [http-nio-8089-exec-3] INFO  cub.ret.tru.batch.controller.LogTestController [BATCH_TEST_20250524063319] [BATCH_LOG_TEST_JOB] [BATCH_LOG_TEST_STEP] - 批量測試日誌 #42: 當前時間 2025-05-24T06:33:19.516247
2025-05-24 06:33:19.516 [http-nio-8089-exec-3] INFO  cub.ret.tru.batch.controller.LogTestController [BATCH_TEST_20250524063319] [BATCH_LOG_TEST_JOB] [BATCH_LOG_TEST_STEP] - 批量測試日誌 #43: 當前時間 2025-05-24T06:33:19.516281
2025-05-24 06:33:19.516 [http-nio-8089-exec-3] INFO  cub.ret.tru.batch.controller.LogTestController [BATCH_TEST_20250524063319] [BATCH_LOG_TEST_JOB] [BATCH_LOG_TEST_STEP] - 批量測試日誌 #44: 當前時間 2025-05-24T06:33:19.516336
2025-05-24 06:33:19.516 [http-nio-8089-exec-3] INFO  cub.ret.tru.batch.controller.LogTestController [BATCH_TEST_20250524063319] [BATCH_LOG_TEST_JOB] [BATCH_LOG_TEST_STEP] - 批量測試日誌 #45: 當前時間 2025-05-24T06:33:19.516374
2025-05-24 06:33:19.516 [http-nio-8089-exec-3] INFO  cub.ret.tru.batch.controller.LogTestController [BATCH_TEST_20250524063319] [BATCH_LOG_TEST_JOB] [BATCH_LOG_TEST_STEP] - 批量測試日誌 #46: 當前時間 2025-05-24T06:33:19.516417
2025-05-24 06:33:19.516 [http-nio-8089-exec-3] INFO  cub.ret.tru.batch.controller.LogTestController [BATCH_TEST_20250524063319] [BATCH_LOG_TEST_JOB] [BATCH_LOG_TEST_STEP] - 批量測試日誌 #47: 當前時間 2025-05-24T06:33:19.516447
2025-05-24 06:33:19.516 [http-nio-8089-exec-3] INFO  cub.ret.tru.batch.controller.LogTestController [BATCH_TEST_20250524063319] [BATCH_LOG_TEST_JOB] [BATCH_LOG_TEST_STEP] - 批量測試日誌 #48: 當前時間 2025-05-24T06:33:19.516482
2025-05-24 06:33:19.516 [http-nio-8089-exec-3] INFO  cub.ret.tru.batch.controller.LogTestController [BATCH_TEST_20250524063319] [BATCH_LOG_TEST_JOB] [BATCH_LOG_TEST_STEP] - 批量測試日誌 #49: 當前時間 2025-05-24T06:33:19.516515
2025-05-24 06:33:19.516 [http-nio-8089-exec-3] INFO  cub.ret.tru.batch.controller.LogTestController [BATCH_TEST_20250524063319] [BATCH_LOG_TEST_JOB] [BATCH_LOG_TEST_STEP] - 批量測試日誌 #50: 當前時間 2025-05-24T06:33:19.516550
2025-05-24 06:33:19.516 [http-nio-8089-exec-3] WARN  cub.ret.tru.batch.controller.LogTestController [BATCH_TEST_20250524063319] [BATCH_LOG_TEST_JOB] [BATCH_LOG_TEST_STEP] - 每10條的警告日誌 #50
2025-05-24 06:33:19.516 [http-nio-8089-exec-3] ERROR cub.ret.tru.batch.controller.LogTestController [BATCH_TEST_20250524063319] [BATCH_LOG_TEST_JOB] [BATCH_LOG_TEST_STEP] - 每50條的錯誤日誌 #50
2025-05-24 06:33:19.516 [http-nio-8089-exec-3] INFO  cub.ret.tru.batch.controller.LogTestController [BATCH_TEST_20250524063319] [BATCH_LOG_TEST_JOB] [BATCH_LOG_TEST_STEP] - 批量測試日誌 #51: 當前時間 2025-05-24T06:33:19.516638
2025-05-24 06:33:19.516 [http-nio-8089-exec-3] INFO  cub.ret.tru.batch.controller.LogTestController [BATCH_TEST_20250524063319] [BATCH_LOG_TEST_JOB] [BATCH_LOG_TEST_STEP] - 批量測試日誌 #52: 當前時間 2025-05-24T06:33:19.516670
2025-05-24 06:33:19.516 [http-nio-8089-exec-3] INFO  cub.ret.tru.batch.controller.LogTestController [BATCH_TEST_20250524063319] [BATCH_LOG_TEST_JOB] [BATCH_LOG_TEST_STEP] - 批量測試日誌 #53: 當前時間 2025-05-24T06:33:19.516706
2025-05-24 06:33:19.516 [http-nio-8089-exec-3] INFO  cub.ret.tru.batch.controller.LogTestController [BATCH_TEST_20250524063319] [BATCH_LOG_TEST_JOB] [BATCH_LOG_TEST_STEP] - 批量測試日誌 #54: 當前時間 2025-05-24T06:33:19.516739
2025-05-24 06:33:19.516 [http-nio-8089-exec-3] INFO  cub.ret.tru.batch.controller.LogTestController [BATCH_TEST_20250524063319] [BATCH_LOG_TEST_JOB] [BATCH_LOG_TEST_STEP] - 批量測試日誌 #55: 當前時間 2025-05-24T06:33:19.516769
2025-05-24 06:33:19.516 [http-nio-8089-exec-3] INFO  cub.ret.tru.batch.controller.LogTestController [BATCH_TEST_20250524063319] [BATCH_LOG_TEST_JOB] [BATCH_LOG_TEST_STEP] - 批量測試日誌 #56: 當前時間 2025-05-24T06:33:19.516804
2025-05-24 06:33:19.516 [http-nio-8089-exec-3] INFO  cub.ret.tru.batch.controller.LogTestController [BATCH_TEST_20250524063319] [BATCH_LOG_TEST_JOB] [BATCH_LOG_TEST_STEP] - 批量測試日誌 #57: 當前時間 2025-05-24T06:33:19.516834
2025-05-24 06:33:19.516 [http-nio-8089-exec-3] INFO  cub.ret.tru.batch.controller.LogTestController [BATCH_TEST_20250524063319] [BATCH_LOG_TEST_JOB] [BATCH_LOG_TEST_STEP] - 批量測試日誌 #58: 當前時間 2025-05-24T06:33:19.516866
2025-05-24 06:33:19.516 [http-nio-8089-exec-3] INFO  cub.ret.tru.batch.controller.LogTestController [BATCH_TEST_20250524063319] [BATCH_LOG_TEST_JOB] [BATCH_LOG_TEST_STEP] - 批量測試日誌 #59: 當前時間 2025-05-24T06:33:19.516895
2025-05-24 06:33:19.516 [http-nio-8089-exec-3] INFO  cub.ret.tru.batch.controller.LogTestController [BATCH_TEST_20250524063319] [BATCH_LOG_TEST_JOB] [BATCH_LOG_TEST_STEP] - 批量測試日誌 #60: 當前時間 2025-05-24T06:33:19.516928
2025-05-24 06:33:19.516 [http-nio-8089-exec-3] WARN  cub.ret.tru.batch.controller.LogTestController [BATCH_TEST_20250524063319] [BATCH_LOG_TEST_JOB] [BATCH_LOG_TEST_STEP] - 每10條的警告日誌 #60
2025-05-24 06:33:19.516 [http-nio-8089-exec-3] INFO  cub.ret.tru.batch.controller.LogTestController [BATCH_TEST_20250524063319] [BATCH_LOG_TEST_JOB] [BATCH_LOG_TEST_STEP] - 批量測試日誌 #61: 當前時間 2025-05-24T06:33:19.516981
2025-05-24 06:33:19.517 [http-nio-8089-exec-3] INFO  cub.ret.tru.batch.controller.LogTestController [BATCH_TEST_20250524063319] [BATCH_LOG_TEST_JOB] [BATCH_LOG_TEST_STEP] - 批量測試日誌 #62: 當前時間 2025-05-24T06:33:19.517015
2025-05-24 06:33:19.517 [http-nio-8089-exec-3] INFO  cub.ret.tru.batch.controller.LogTestController [BATCH_TEST_20250524063319] [BATCH_LOG_TEST_JOB] [BATCH_LOG_TEST_STEP] - 批量測試日誌 #63: 當前時間 2025-05-24T06:33:19.517045
2025-05-24 06:33:19.517 [http-nio-8089-exec-3] INFO  cub.ret.tru.batch.controller.LogTestController [BATCH_TEST_20250524063319] [BATCH_LOG_TEST_JOB] [BATCH_LOG_TEST_STEP] - 批量測試日誌 #64: 當前時間 2025-05-24T06:33:19.517082
2025-05-24 06:33:19.517 [http-nio-8089-exec-3] INFO  cub.ret.tru.batch.controller.LogTestController [BATCH_TEST_20250524063319] [BATCH_LOG_TEST_JOB] [BATCH_LOG_TEST_STEP] - 批量測試日誌 #65: 當前時間 2025-05-24T06:33:19.517112
2025-05-24 06:33:19.517 [http-nio-8089-exec-3] INFO  cub.ret.tru.batch.controller.LogTestController [BATCH_TEST_20250524063319] [BATCH_LOG_TEST_JOB] [BATCH_LOG_TEST_STEP] - 批量測試日誌 #66: 當前時間 2025-05-24T06:33:19.517146
2025-05-24 06:33:19.517 [http-nio-8089-exec-3] INFO  cub.ret.tru.batch.controller.LogTestController [BATCH_TEST_20250524063319] [BATCH_LOG_TEST_JOB] [BATCH_LOG_TEST_STEP] - 批量測試日誌 #67: 當前時間 2025-05-24T06:33:19.517176
2025-05-24 06:33:19.517 [http-nio-8089-exec-3] INFO  cub.ret.tru.batch.controller.LogTestController [BATCH_TEST_20250524063319] [BATCH_LOG_TEST_JOB] [BATCH_LOG_TEST_STEP] - 批量測試日誌 #68: 當前時間 2025-05-24T06:33:19.517229
2025-05-24 06:33:19.517 [http-nio-8089-exec-3] INFO  cub.ret.tru.batch.controller.LogTestController [BATCH_TEST_20250524063319] [BATCH_LOG_TEST_JOB] [BATCH_LOG_TEST_STEP] - 批量測試日誌 #69: 當前時間 2025-05-24T06:33:19.517259
2025-05-24 06:33:19.517 [http-nio-8089-exec-3] INFO  cub.ret.tru.batch.controller.LogTestController [BATCH_TEST_20250524063319] [BATCH_LOG_TEST_JOB] [BATCH_LOG_TEST_STEP] - 批量測試日誌 #70: 當前時間 2025-05-24T06:33:19.517289
2025-05-24 06:33:19.517 [http-nio-8089-exec-3] WARN  cub.ret.tru.batch.controller.LogTestController [BATCH_TEST_20250524063319] [BATCH_LOG_TEST_JOB] [BATCH_LOG_TEST_STEP] - 每10條的警告日誌 #70
2025-05-24 06:33:19.517 [http-nio-8089-exec-3] INFO  cub.ret.tru.batch.controller.LogTestController [BATCH_TEST_20250524063319] [BATCH_LOG_TEST_JOB] [BATCH_LOG_TEST_STEP] - 批量測試日誌 #71: 當前時間 2025-05-24T06:33:19.517340
2025-05-24 06:33:19.517 [http-nio-8089-exec-3] INFO  cub.ret.tru.batch.controller.LogTestController [BATCH_TEST_20250524063319] [BATCH_LOG_TEST_JOB] [BATCH_LOG_TEST_STEP] - 批量測試日誌 #72: 當前時間 2025-05-24T06:33:19.517372
2025-05-24 06:33:19.517 [http-nio-8089-exec-3] INFO  cub.ret.tru.batch.controller.LogTestController [BATCH_TEST_20250524063319] [BATCH_LOG_TEST_JOB] [BATCH_LOG_TEST_STEP] - 批量測試日誌 #73: 當前時間 2025-05-24T06:33:19.517409
2025-05-24 06:33:19.517 [http-nio-8089-exec-3] INFO  cub.ret.tru.batch.controller.LogTestController [BATCH_TEST_20250524063319] [BATCH_LOG_TEST_JOB] [BATCH_LOG_TEST_STEP] - 批量測試日誌 #74: 當前時間 2025-05-24T06:33:19.517437
2025-05-24 06:33:19.517 [http-nio-8089-exec-3] INFO  cub.ret.tru.batch.controller.LogTestController [BATCH_TEST_20250524063319] [BATCH_LOG_TEST_JOB] [BATCH_LOG_TEST_STEP] - 批量測試日誌 #75: 當前時間 2025-05-24T06:33:19.517464
2025-05-24 06:33:19.517 [http-nio-8089-exec-3] INFO  cub.ret.tru.batch.controller.LogTestController [BATCH_TEST_20250524063319] [BATCH_LOG_TEST_JOB] [BATCH_LOG_TEST_STEP] - 批量測試日誌 #76: 當前時間 2025-05-24T06:33:19.517490
2025-05-24 06:33:19.517 [http-nio-8089-exec-3] INFO  cub.ret.tru.batch.controller.LogTestController [BATCH_TEST_20250524063319] [BATCH_LOG_TEST_JOB] [BATCH_LOG_TEST_STEP] - 批量測試日誌 #77: 當前時間 2025-05-24T06:33:19.517515
2025-05-24 06:33:19.517 [http-nio-8089-exec-3] INFO  cub.ret.tru.batch.controller.LogTestController [BATCH_TEST_20250524063319] [BATCH_LOG_TEST_JOB] [BATCH_LOG_TEST_STEP] - 批量測試日誌 #78: 當前時間 2025-05-24T06:33:19.517540
2025-05-24 06:33:19.517 [http-nio-8089-exec-3] INFO  cub.ret.tru.batch.controller.LogTestController [BATCH_TEST_20250524063319] [BATCH_LOG_TEST_JOB] [BATCH_LOG_TEST_STEP] - 批量測試日誌 #79: 當前時間 2025-05-24T06:33:19.517565
2025-05-24 06:33:19.517 [http-nio-8089-exec-3] INFO  cub.ret.tru.batch.controller.LogTestController [BATCH_TEST_20250524063319] [BATCH_LOG_TEST_JOB] [BATCH_LOG_TEST_STEP] - 批量測試日誌 #80: 當前時間 2025-05-24T06:33:19.517591
2025-05-24 06:33:19.517 [http-nio-8089-exec-3] WARN  cub.ret.tru.batch.controller.LogTestController [BATCH_TEST_20250524063319] [BATCH_LOG_TEST_JOB] [BATCH_LOG_TEST_STEP] - 每10條的警告日誌 #80
2025-05-24 06:33:19.517 [http-nio-8089-exec-3] INFO  cub.ret.tru.batch.controller.LogTestController [BATCH_TEST_20250524063319] [BATCH_LOG_TEST_JOB] [BATCH_LOG_TEST_STEP] - 批量測試日誌 #81: 當前時間 2025-05-24T06:33:19.517640
2025-05-24 06:33:19.517 [http-nio-8089-exec-3] INFO  cub.ret.tru.batch.controller.LogTestController [BATCH_TEST_20250524063319] [BATCH_LOG_TEST_JOB] [BATCH_LOG_TEST_STEP] - 批量測試日誌 #82: 當前時間 2025-05-24T06:33:19.517666
2025-05-24 06:33:19.517 [http-nio-8089-exec-3] INFO  cub.ret.tru.batch.controller.LogTestController [BATCH_TEST_20250524063319] [BATCH_LOG_TEST_JOB] [BATCH_LOG_TEST_STEP] - 批量測試日誌 #83: 當前時間 2025-05-24T06:33:19.517695
2025-05-24 06:33:19.517 [http-nio-8089-exec-3] INFO  cub.ret.tru.batch.controller.LogTestController [BATCH_TEST_20250524063319] [BATCH_LOG_TEST_JOB] [BATCH_LOG_TEST_STEP] - 批量測試日誌 #84: 當前時間 2025-05-24T06:33:19.517730
2025-05-24 06:33:19.517 [http-nio-8089-exec-3] INFO  cub.ret.tru.batch.controller.LogTestController [BATCH_TEST_20250524063319] [BATCH_LOG_TEST_JOB] [BATCH_LOG_TEST_STEP] - 批量測試日誌 #85: 當前時間 2025-05-24T06:33:19.517755
2025-05-24 06:33:19.517 [http-nio-8089-exec-3] INFO  cub.ret.tru.batch.controller.LogTestController [BATCH_TEST_20250524063319] [BATCH_LOG_TEST_JOB] [BATCH_LOG_TEST_STEP] - 批量測試日誌 #86: 當前時間 2025-05-24T06:33:19.517793
2025-05-24 06:33:19.517 [http-nio-8089-exec-3] INFO  cub.ret.tru.batch.controller.LogTestController [BATCH_TEST_20250524063319] [BATCH_LOG_TEST_JOB] [BATCH_LOG_TEST_STEP] - 批量測試日誌 #87: 當前時間 2025-05-24T06:33:19.517825
2025-05-24 06:33:19.517 [http-nio-8089-exec-3] INFO  cub.ret.tru.batch.controller.LogTestController [BATCH_TEST_20250524063319] [BATCH_LOG_TEST_JOB] [BATCH_LOG_TEST_STEP] - 批量測試日誌 #88: 當前時間 2025-05-24T06:33:19.517853
2025-05-24 06:33:19.517 [http-nio-8089-exec-3] INFO  cub.ret.tru.batch.controller.LogTestController [BATCH_TEST_20250524063319] [BATCH_LOG_TEST_JOB] [BATCH_LOG_TEST_STEP] - 批量測試日誌 #89: 當前時間 2025-05-24T06:33:19.517885
2025-05-24 06:33:19.517 [http-nio-8089-exec-3] INFO  cub.ret.tru.batch.controller.LogTestController [BATCH_TEST_20250524063319] [BATCH_LOG_TEST_JOB] [BATCH_LOG_TEST_STEP] - 批量測試日誌 #90: 當前時間 2025-05-24T06:33:19.517909
2025-05-24 06:33:19.517 [http-nio-8089-exec-3] WARN  cub.ret.tru.batch.controller.LogTestController [BATCH_TEST_20250524063319] [BATCH_LOG_TEST_JOB] [BATCH_LOG_TEST_STEP] - 每10條的警告日誌 #90
2025-05-24 06:33:19.517 [http-nio-8089-exec-3] INFO  cub.ret.tru.batch.controller.LogTestController [BATCH_TEST_20250524063319] [BATCH_LOG_TEST_JOB] [BATCH_LOG_TEST_STEP] - 批量測試日誌 #91: 當前時間 2025-05-24T06:33:19.517953
2025-05-24 06:33:19.517 [http-nio-8089-exec-3] INFO  cub.ret.tru.batch.controller.LogTestController [BATCH_TEST_20250524063319] [BATCH_LOG_TEST_JOB] [BATCH_LOG_TEST_STEP] - 批量測試日誌 #92: 當前時間 2025-05-24T06:33:19.517977
2025-05-24 06:33:19.518 [http-nio-8089-exec-3] INFO  cub.ret.tru.batch.controller.LogTestController [BATCH_TEST_20250524063319] [BATCH_LOG_TEST_JOB] [BATCH_LOG_TEST_STEP] - 批量測試日誌 #93: 當前時間 2025-05-24T06:33:19.518001
2025-05-24 06:33:19.518 [http-nio-8089-exec-3] INFO  cub.ret.tru.batch.controller.LogTestController [BATCH_TEST_20250524063319] [BATCH_LOG_TEST_JOB] [BATCH_LOG_TEST_STEP] - 批量測試日誌 #94: 當前時間 2025-05-24T06:33:19.518024
2025-05-24 06:33:19.518 [http-nio-8089-exec-3] INFO  cub.ret.tru.batch.controller.LogTestController [BATCH_TEST_20250524063319] [BATCH_LOG_TEST_JOB] [BATCH_LOG_TEST_STEP] - 批量測試日誌 #95: 當前時間 2025-05-24T06:33:19.518061
2025-05-24 06:33:19.518 [http-nio-8089-exec-3] INFO  cub.ret.tru.batch.controller.LogTestController [BATCH_TEST_20250524063319] [BATCH_LOG_TEST_JOB] [BATCH_LOG_TEST_STEP] - 批量測試日誌 #96: 當前時間 2025-05-24T06:33:19.518086
2025-05-24 06:33:19.518 [http-nio-8089-exec-3] INFO  cub.ret.tru.batch.controller.LogTestController [BATCH_TEST_20250524063319] [BATCH_LOG_TEST_JOB] [BATCH_LOG_TEST_STEP] - 批量測試日誌 #97: 當前時間 2025-05-24T06:33:19.518117
2025-05-24 06:33:19.518 [http-nio-8089-exec-3] INFO  cub.ret.tru.batch.controller.LogTestController [BATCH_TEST_20250524063319] [BATCH_LOG_TEST_JOB] [BATCH_LOG_TEST_STEP] - 批量測試日誌 #98: 當前時間 2025-05-24T06:33:19.518142
2025-05-24 06:33:19.518 [http-nio-8089-exec-3] INFO  cub.ret.tru.batch.controller.LogTestController [BATCH_TEST_20250524063319] [BATCH_LOG_TEST_JOB] [BATCH_LOG_TEST_STEP] - 批量測試日誌 #99: 當前時間 2025-05-24T06:33:19.518173
2025-05-24 06:33:19.518 [http-nio-8089-exec-3] INFO  cub.ret.tru.batch.controller.LogTestController [BATCH_TEST_20250524063319] [BATCH_LOG_TEST_JOB] [BATCH_LOG_TEST_STEP] - 批量測試日誌 #100: 當前時間 2025-05-24T06:33:19.518199
2025-05-24 06:33:19.518 [http-nio-8089-exec-3] WARN  cub.ret.tru.batch.controller.LogTestController [BATCH_TEST_20250524063319] [BATCH_LOG_TEST_JOB] [BATCH_LOG_TEST_STEP] - 每10條的警告日誌 #100
2025-05-24 06:33:19.518 [http-nio-8089-exec-3] ERROR cub.ret.tru.batch.controller.LogTestController [BATCH_TEST_20250524063319] [BATCH_LOG_TEST_JOB] [BATCH_LOG_TEST_STEP] - 每50條的錯誤日誌 #100
2025-05-24 06:33:19.518 [http-nio-8089-exec-3] INFO  cub.ret.tru.batch.controller.LogTestController [BATCH_TEST_20250524063319] [BATCH_LOG_TEST_JOB] [BATCH_LOG_TEST_STEP] - 批量測試完成: 記錄了 100 條日誌，耗時 5 毫秒
2025-05-24 06:34:20.875 [SpringApplicationShutdownHook] INFO  org.springframework.orm.jpa.LocalContainerEntityManagerFactoryBean [] [] [] - Closing JPA EntityManagerFactory for persistence unit 'default'
2025-05-24 06:34:20.877 [SpringApplicationShutdownHook] INFO  com.zaxxer.hikari.HikariDataSource [] [] [] - HikariPool-1 - Shutdown initiated...
2025-05-24 06:34:20.879 [SpringApplicationShutdownHook] INFO  com.zaxxer.hikari.HikariDataSource [] [] [] - HikariPool-1 - Shutdown completed.
2025-05-25 05:03:12.561 [main] INFO  cub.ret.tru.BatchLogSystemApplication [] [] [] - Starting BatchLogSystemApplication using Java 17.0.15 with PID 93275 (/Users/audi/Downloads/log/target/classes started by audi in /Users/audi/Downloads/log)
2025-05-25 05:03:12.564 [main] DEBUG cub.ret.tru.BatchLogSystemApplication [] [] [] - Running with Spring Boot v3.2.0, Spring v6.1.1
2025-05-25 05:03:12.564 [main] INFO  cub.ret.tru.BatchLogSystemApplication [] [] [] - No active profile set, falling back to 1 default profile: "default"
2025-05-25 05:03:12.736 [main] INFO  org.springframework.batch.core.configuration.annotation.BatchRegistrar [] [] [] - Finished Spring Batch infrastructure beans configuration in 1 ms.
2025-05-25 05:03:12.807 [main] INFO  org.springframework.data.repository.config.RepositoryConfigurationDelegate [] [] [] - Bootstrapping Spring Data JPA repositories in DEFAULT mode.
2025-05-25 05:03:12.831 [main] INFO  org.springframework.data.repository.config.RepositoryConfigurationDelegate [] [] [] - Finished Spring Data repository scanning in 22 ms. Found 3 JPA repository interfaces.
2025-05-25 05:03:12.932 [main] WARN  org.springframework.context.support.PostProcessorRegistrationDelegate$BeanPostProcessorChecker [] [] [] - Bean 'jobRegistry' of type [org.springframework.batch.core.configuration.support.MapJobRegistry] is not eligible for getting processed by all BeanPostProcessors (for example: not eligible for auto-proxying). Is this bean getting eagerly injected into a currently created BeanPostProcessor [jobRegistryBeanPostProcessor]? Check the corresponding BeanPostProcessor declaration and its dependencies.
2025-05-25 05:03:13.025 [main] INFO  org.springframework.boot.web.embedded.tomcat.TomcatWebServer [] [] [] - Tomcat initialized with port 8089 (http)
2025-05-25 05:03:13.029 [main] INFO  org.apache.coyote.http11.Http11NioProtocol [] [] [] - Initializing ProtocolHandler ["http-nio-8089"]
2025-05-25 05:03:13.030 [main] INFO  org.apache.catalina.core.StandardService [] [] [] - Starting service [Tomcat]
2025-05-25 05:03:13.030 [main] INFO  org.apache.catalina.core.StandardEngine [] [] [] - Starting Servlet engine: [Apache Tomcat/10.1.16]
2025-05-25 05:03:13.049 [main] INFO  org.apache.catalina.core.ContainerBase.[Tomcat].[localhost].[/] [] [] [] - Initializing Spring embedded WebApplicationContext
2025-05-25 05:03:13.050 [main] INFO  org.springframework.boot.web.servlet.context.ServletWebServerApplicationContext [] [] [] - Root WebApplicationContext: initialization completed in 469 ms
2025-05-25 05:03:13.105 [main] INFO  org.hibernate.jpa.internal.util.LogHelper [] [] [] - HHH000204: Processing PersistenceUnitInfo [name: default]
2025-05-25 05:03:13.125 [main] INFO  org.hibernate.Version [] [] [] - HHH000412: Hibernate ORM core version 6.3.1.Final
2025-05-25 05:03:13.135 [main] INFO  org.hibernate.cache.internal.RegionFactoryInitiator [] [] [] - HHH000026: Second-level cache disabled
2025-05-25 05:03:13.203 [main] INFO  org.springframework.orm.jpa.persistenceunit.SpringPersistenceUnitInfo [] [] [] - No LoadTimeWeaver setup: ignoring JPA class transformer
2025-05-25 05:03:13.212 [main] INFO  com.zaxxer.hikari.HikariDataSource [] [] [] - HikariPool-1 - Starting...
2025-05-25 05:03:13.301 [main] INFO  com.zaxxer.hikari.pool.HikariPool [] [] [] - HikariPool-1 - Added connection org.postgresql.jdbc.PgConnection@5f20b6fe
2025-05-25 05:03:13.302 [main] INFO  com.zaxxer.hikari.HikariDataSource [] [] [] - HikariPool-1 - Start completed.
2025-05-25 05:03:13.322 [main] WARN  org.hibernate.orm.deprecation [] [] [] - HHH90000025: PostgreSQLDialect does not need to be specified explicitly using 'hibernate.dialect' (remove the property setting and it will be selected by default)
2025-05-25 05:03:13.638 [main] INFO  org.hibernate.engine.transaction.jta.platform.internal.JtaPlatformInitiator [] [] [] - HHH000489: No JTA platform available (set 'hibernate.transaction.jta.platform' to enable JTA platform integration)
2025-05-25 05:03:13.693 [main] INFO  org.springframework.orm.jpa.LocalContainerEntityManagerFactoryBean [] [] [] - Initialized JPA EntityManagerFactory for persistence unit 'default'
2025-05-25 05:03:13.711 [main] INFO  org.springframework.batch.core.repository.support.JobRepositoryFactoryBean [] [] [] - No database type set, using meta data indicating: POSTGRES
2025-05-25 05:03:13.717 [main] INFO  org.springframework.batch.core.launch.support.SimpleJobLauncher [] [] [] - No TaskExecutor has been set, defaulting to synchronous executor.
2025-05-25 05:03:13.801 [main] INFO  org.springframework.data.jpa.repository.query.QueryEnhancerFactory [] [] [] - Hibernate is in classpath; If applicable, HQL parser will be used.
2025-05-25 05:03:14.112 [main] INFO  cub.ret.tru.batch.service.LogQueryService [] [] [] - 已載入 5 個查詢策略
2025-05-25 05:03:14.112 [main] DEBUG cub.ret.tru.batch.service.LogQueryService [] [] [] - 策略: DefaultQueryStrategy - 優先級: 2147483647
2025-05-25 05:03:14.113 [main] DEBUG cub.ret.tru.batch.service.LogQueryService [] [] [] - 策略: ExecutionIdQueryStrategy - 優先級: 1
2025-05-25 05:03:14.113 [main] DEBUG cub.ret.tru.batch.service.LogQueryService [] [] [] - 策略: JobNameQueryStrategy - 優先級: 2
2025-05-25 05:03:14.113 [main] DEBUG cub.ret.tru.batch.service.LogQueryService [] [] [] - 策略: KeywordQueryStrategy - 優先級: 4
2025-05-25 05:03:14.113 [main] DEBUG cub.ret.tru.batch.service.LogQueryService [] [] [] - 策略: TimeRangeQueryStrategy - 優先級: 5
2025-05-25 05:03:14.124 [main] INFO  org.springframework.batch.core.configuration.annotation.BatchObservabilityBeanPostProcessor [] [] [] - No Micrometer observation registry found, defaulting to ObservationRegistry.NOOP
2025-05-25 05:03:14.124 [main] INFO  org.springframework.batch.core.configuration.annotation.BatchObservabilityBeanPostProcessor [] [] [] - No Micrometer observation registry found, defaulting to ObservationRegistry.NOOP
2025-05-25 05:03:14.125 [main] INFO  org.springframework.batch.core.configuration.annotation.BatchObservabilityBeanPostProcessor [] [] [] - No Micrometer observation registry found, defaulting to ObservationRegistry.NOOP
2025-05-25 05:03:14.125 [main] INFO  org.springframework.batch.core.configuration.annotation.BatchObservabilityBeanPostProcessor [] [] [] - No Micrometer observation registry found, defaulting to ObservationRegistry.NOOP
2025-05-25 05:03:14.126 [main] INFO  org.springframework.batch.core.configuration.annotation.BatchObservabilityBeanPostProcessor [] [] [] - No Micrometer observation registry found, defaulting to ObservationRegistry.NOOP
2025-05-25 05:03:14.141 [main] WARN  org.springframework.boot.autoconfigure.orm.jpa.JpaBaseConfiguration$JpaWebConfiguration [] [] [] - spring.jpa.open-in-view is enabled by default. Therefore, database queries may be performed during view rendering. Explicitly configure spring.jpa.open-in-view to disable this warning
2025-05-25 05:03:14.271 [main] INFO  org.apache.coyote.http11.Http11NioProtocol [] [] [] - Starting ProtocolHandler ["http-nio-8089"]
2025-05-25 05:03:14.279 [main] INFO  org.springframework.boot.web.embedded.tomcat.TomcatWebServer [] [] [] - Tomcat started on port 8089 (http) with context path ''
2025-05-25 05:03:14.282 [main] INFO  cub.ret.tru.BatchLogSystemApplication [] [] [] - Started BatchLogSystemApplication in 1.864 seconds (process running for 2.363)
2025-05-25 05:03:14.966 [http-nio-8089-exec-1] INFO  org.apache.catalina.core.ContainerBase.[Tomcat].[localhost].[/] [] [] [] - Initializing Spring DispatcherServlet 'dispatcherServlet'
2025-05-25 05:03:14.966 [http-nio-8089-exec-1] INFO  org.springframework.web.servlet.DispatcherServlet [] [] [] - Initializing Servlet 'dispatcherServlet'
2025-05-25 05:03:14.967 [http-nio-8089-exec-1] INFO  org.springframework.web.servlet.DispatcherServlet [] [] [] - Completed initialization in 1 ms
2025-05-25 05:03:14.990 [http-nio-8089-exec-1] INFO  cub.ret.tru.batch.controller.OptimizedLogController [] [] [] - 建立日誌串流連接: 96c11f94-382f-42ee-b45a-af57c83d2ee5
2025-05-25 05:03:14.991 [http-nio-8089-exec-1] INFO  cub.ret.tru.batch.service.OptimizedLogStreamService [] [] [] - 建立 SSE 連接: 96c11f94-382f-42ee-b45a-af57c83d2ee5
2025-05-25 05:03:14.992 [http-nio-8089-exec-1] DEBUG cub.ret.tru.batch.service.LogQueryService [] [] [] - 執行日誌查詢，條件: LogQueryCriteria(executionId=null, jobName=GET_EMPLOYEE_JOB, stepName=null, logLevels=null, keyword=null, startTime=null, endTime=null, limit=50, sortDirection=null, queryType=REAL_TIME)
2025-05-25 05:03:14.994 [http-nio-8089-exec-1] DEBUG cub.ret.tru.batch.service.LogQueryService [] [] [] - 選擇策略: JobNameQueryStrategy
2025-05-25 05:03:14.994 [http-nio-8089-exec-1] DEBUG cub.ret.tru.batch.service.query.JobNameQueryStrategy [] [] [] - 使用作業名稱查詢策略: GET_EMPLOYEE_JOB
2025-05-25 05:03:15.023 [http-nio-8089-exec-1] DEBUG org.hibernate.SQL [] [] [] - 
    select
        ble1_0.id,
        ble1_0.additional_info,
        ble1_0.created_at,
        ble1_0.exception_stack,
        ble1_0.execution_id,
        ble1_0.job_name,
        ble1_0.log_level,
        ble1_0.log_time,
        ble1_0.logger_name,
        ble1_0.message,
        ble1_0.step_name,
        ble1_0.thread_name 
    from
        batch_log ble1_0 
    where
        ble1_0.job_name=? 
    order by
        ble1_0.log_time desc
2025-05-25 05:03:15.127 [http-nio-8089-exec-1] DEBUG cub.ret.tru.batch.service.LogQueryService [] [] [] - 查詢完成，返回 50 筆記錄
2025-05-25 05:03:16.183 [pool-3-thread-1] DEBUG org.hibernate.SQL [] [] [] - 
    SELECT
        * 
    FROM
        batch_log 
    WHERE
        log_time > ? 
    ORDER BY
        log_time DESC 
    LIMIT
        ?
2025-05-25 05:03:18.203 [pool-3-thread-1] DEBUG org.hibernate.SQL [] [] [] - 
    SELECT
        * 
    FROM
        batch_log 
    WHERE
        log_time > ? 
    ORDER BY
        log_time DESC 
    LIMIT
        ?
2025-05-25 05:03:20.217 [pool-3-thread-1] DEBUG org.hibernate.SQL [] [] [] - 
    SELECT
        * 
    FROM
        batch_log 
    WHERE
        log_time > ? 
    ORDER BY
        log_time DESC 
    LIMIT
        ?
2025-05-25 05:03:22.228 [pool-3-thread-1] DEBUG org.hibernate.SQL [] [] [] - 
    SELECT
        * 
    FROM
        batch_log 
    WHERE
        log_time > ? 
    ORDER BY
        log_time DESC 
    LIMIT
        ?
2025-05-25 05:03:24.247 [pool-3-thread-1] DEBUG org.hibernate.SQL [] [] [] - 
    SELECT
        * 
    FROM
        batch_log 
    WHERE
        log_time > ? 
    ORDER BY
        log_time DESC 
    LIMIT
        ?
2025-05-25 05:03:26.258 [pool-3-thread-1] DEBUG org.hibernate.SQL [] [] [] - 
    SELECT
        * 
    FROM
        batch_log 
    WHERE
        log_time > ? 
    ORDER BY
        log_time DESC 
    LIMIT
        ?
2025-05-25 05:03:28.276 [pool-3-thread-1] DEBUG org.hibernate.SQL [] [] [] - 
    SELECT
        * 
    FROM
        batch_log 
    WHERE
        log_time > ? 
    ORDER BY
        log_time DESC 
    LIMIT
        ?
2025-05-25 05:03:30.291 [pool-3-thread-1] DEBUG org.hibernate.SQL [] [] [] - 
    SELECT
        * 
    FROM
        batch_log 
    WHERE
        log_time > ? 
    ORDER BY
        log_time DESC 
    LIMIT
        ?
2025-05-25 05:03:30.602 [http-nio-8089-exec-3] DEBUG org.hibernate.SQL [] [] [] - 
    select
        bje1_0.job_id,
        bje1_0.category,
        bje1_0.created_at,
        bje1_0.description,
        bje1_0.display_name,
        bje1_0.enabled,
        bje1_0.estimated_duration,
        bje1_0.is_scheduled,
        bje1_0.last_execution_id,
        bje1_0.last_execution_time,
        bje1_0.job_name,
        bje1_0.next_scheduled_time,
        bje1_0.status,
        bje1_0.updated_at 
    from
        batch_job_info bje1_0 
    where
        bje1_0.enabled 
    order by
        bje1_0.updated_at desc
2025-05-25 05:03:32.313 [pool-3-thread-1] DEBUG org.hibernate.SQL [] [] [] - 
    SELECT
        * 
    FROM
        batch_log 
    WHERE
        log_time > ? 
    ORDER BY
        log_time DESC 
    LIMIT
        ?
2025-05-25 05:03:32.528 [http-nio-8089-exec-2] DEBUG org.hibernate.SQL [] [] [] - 
    select
        bee1_0.execution_id,
        bee1_0.created_at,
        bee1_0.end_time,
        bee1_0.error_message,
        bee1_0.failed_count,
        bee1_0.job_name,
        bee1_0.message,
        bee1_0.processed_count,
        bee1_0.start_time,
        bee1_0.status,
        bee1_0.success_count,
        bee1_0.updated_at 
    from
        batch_execution bee1_0 
    where
        bee1_0.job_name=? 
    order by
        bee1_0.start_time desc
2025-05-25 05:03:32.564 [http-nio-8089-exec-4] INFO  cub.ret.tru.batch.controller.OptimizedLogController [] [] [] - 建立日誌串流連接: ba6eeb69-4e3a-488d-a273-eb47dba88819
2025-05-25 05:03:32.564 [http-nio-8089-exec-4] INFO  cub.ret.tru.batch.service.OptimizedLogStreamService [] [] [] - 建立 SSE 連接: ba6eeb69-4e3a-488d-a273-eb47dba88819
2025-05-25 05:03:32.564 [http-nio-8089-exec-4] DEBUG cub.ret.tru.batch.service.LogQueryService [] [] [] - 執行日誌查詢，條件: LogQueryCriteria(executionId=null, jobName=GET_EMPLOYEE_JOB, stepName=null, logLevels=null, keyword=null, startTime=null, endTime=null, limit=50, sortDirection=null, queryType=REAL_TIME)
2025-05-25 05:03:32.564 [http-nio-8089-exec-4] DEBUG cub.ret.tru.batch.service.LogQueryService [] [] [] - 選擇策略: JobNameQueryStrategy
2025-05-25 05:03:32.564 [http-nio-8089-exec-4] DEBUG cub.ret.tru.batch.service.query.JobNameQueryStrategy [] [] [] - 使用作業名稱查詢策略: GET_EMPLOYEE_JOB
2025-05-25 05:03:32.566 [http-nio-8089-exec-4] DEBUG org.hibernate.SQL [] [] [] - 
    select
        ble1_0.id,
        ble1_0.additional_info,
        ble1_0.created_at,
        ble1_0.exception_stack,
        ble1_0.execution_id,
        ble1_0.job_name,
        ble1_0.log_level,
        ble1_0.log_time,
        ble1_0.logger_name,
        ble1_0.message,
        ble1_0.step_name,
        ble1_0.thread_name 
    from
        batch_log ble1_0 
    where
        ble1_0.job_name=? 
    order by
        ble1_0.log_time desc
2025-05-25 05:03:32.649 [http-nio-8089-exec-4] DEBUG cub.ret.tru.batch.service.LogQueryService [] [] [] - 查詢完成，返回 50 筆記錄
2025-05-25 05:03:33.652 [pool-3-thread-1] DEBUG org.hibernate.SQL [] [] [] - 
    SELECT
        * 
    FROM
        batch_log 
    WHERE
        log_time > ? 
    ORDER BY
        log_time DESC 
    LIMIT
        ?
2025-05-25 05:03:34.332 [pool-3-thread-2] DEBUG org.hibernate.SQL [] [] [] - 
    SELECT
        * 
    FROM
        batch_log 
    WHERE
        log_time > ? 
    ORDER BY
        log_time DESC 
    LIMIT
        ?
2025-05-25 05:03:35.664 [pool-3-thread-1] DEBUG org.hibernate.SQL [] [] [] - 
    SELECT
        * 
    FROM
        batch_log 
    WHERE
        log_time > ? 
    ORDER BY
        log_time DESC 
    LIMIT
        ?
2025-05-25 05:03:35.869 [http-nio-8089-exec-5] INFO  cub.ret.tru.batch.controller.OptimizedLogController [] [] [] - 建立日誌串流連接: a1eac778-4560-4247-b0b1-c73314a2e902
2025-05-25 05:03:35.869 [http-nio-8089-exec-5] INFO  cub.ret.tru.batch.service.OptimizedLogStreamService [] [] [] - 建立 SSE 連接: a1eac778-4560-4247-b0b1-c73314a2e902
2025-05-25 05:03:35.871 [http-nio-8089-exec-5] DEBUG cub.ret.tru.batch.service.LogQueryService [] [] [] - 執行日誌查詢，條件: LogQueryCriteria(executionId=null, jobName=GET_EMPLOYEE_JOB, stepName=null, logLevels=[DEBUG], keyword=null, startTime=null, endTime=null, limit=50, sortDirection=null, queryType=REAL_TIME)
2025-05-25 05:03:35.871 [http-nio-8089-exec-5] DEBUG cub.ret.tru.batch.service.LogQueryService [] [] [] - 選擇策略: JobNameQueryStrategy
2025-05-25 05:03:35.871 [http-nio-8089-exec-5] DEBUG cub.ret.tru.batch.service.query.JobNameQueryStrategy [] [] [] - 使用作業名稱查詢策略: GET_EMPLOYEE_JOB
2025-05-25 05:03:35.874 [http-nio-8089-exec-5] DEBUG org.hibernate.SQL [] [] [] - 
    select
        ble1_0.id,
        ble1_0.additional_info,
        ble1_0.created_at,
        ble1_0.exception_stack,
        ble1_0.execution_id,
        ble1_0.job_name,
        ble1_0.log_level,
        ble1_0.log_time,
        ble1_0.logger_name,
        ble1_0.message,
        ble1_0.step_name,
        ble1_0.thread_name 
    from
        batch_log ble1_0 
    where
        ble1_0.job_name=? 
    order by
        ble1_0.log_time desc
2025-05-25 05:03:35.968 [http-nio-8089-exec-5] DEBUG cub.ret.tru.batch.service.LogQueryService [] [] [] - 查詢完成，返回 50 筆記錄
2025-05-25 05:03:36.343 [pool-3-thread-2] DEBUG org.hibernate.SQL [] [] [] - 
    SELECT
        * 
    FROM
        batch_log 
    WHERE
        log_time > ? 
    ORDER BY
        log_time DESC 
    LIMIT
        ?
2025-05-25 05:03:36.973 [pool-3-thread-1] DEBUG org.hibernate.SQL [] [] [] - 
    SELECT
        * 
    FROM
        batch_log 
    WHERE
        log_time > ? 
    ORDER BY
        log_time DESC 
    LIMIT
        ?
2025-05-25 05:03:37.682 [pool-3-thread-2] DEBUG org.hibernate.SQL [] [] [] - 
    SELECT
        * 
    FROM
        batch_log 
    WHERE
        log_time > ? 
    ORDER BY
        log_time DESC 
    LIMIT
        ?
2025-05-25 05:03:38.362 [pool-3-thread-1] DEBUG org.hibernate.SQL [] [] [] - 
    SELECT
        * 
    FROM
        batch_log 
    WHERE
        log_time > ? 
    ORDER BY
        log_time DESC 
    LIMIT
        ?
2025-05-25 05:03:38.985 [pool-3-thread-2] DEBUG org.hibernate.SQL [] [] [] - 
    SELECT
        * 
    FROM
        batch_log 
    WHERE
        log_time > ? 
    ORDER BY
        log_time DESC 
    LIMIT
        ?
2025-05-25 05:03:39.701 [pool-3-thread-1] DEBUG org.hibernate.SQL [] [] [] - 
    SELECT
        * 
    FROM
        batch_log 
    WHERE
        log_time > ? 
    ORDER BY
        log_time DESC 
    LIMIT
        ?
2025-05-25 05:03:40.374 [pool-3-thread-2] DEBUG org.hibernate.SQL [] [] [] - 
    SELECT
        * 
    FROM
        batch_log 
    WHERE
        log_time > ? 
    ORDER BY
        log_time DESC 
    LIMIT
        ?
2025-05-25 05:03:40.996 [pool-3-thread-1] DEBUG org.hibernate.SQL [] [] [] - 
    SELECT
        * 
    FROM
        batch_log 
    WHERE
        log_time > ? 
    ORDER BY
        log_time DESC 
    LIMIT
        ?
2025-05-25 05:03:41.714 [pool-3-thread-2] DEBUG org.hibernate.SQL [] [] [] - 
    SELECT
        * 
    FROM
        batch_log 
    WHERE
        log_time > ? 
    ORDER BY
        log_time DESC 
    LIMIT
        ?
2025-05-25 05:03:42.390 [pool-3-thread-1] DEBUG org.hibernate.SQL [] [] [] - 
    SELECT
        * 
    FROM
        batch_log 
    WHERE
        log_time > ? 
    ORDER BY
        log_time DESC 
    LIMIT
        ?
2025-05-25 05:03:43.011 [pool-3-thread-2] DEBUG org.hibernate.SQL [] [] [] - 
    SELECT
        * 
    FROM
        batch_log 
    WHERE
        log_time > ? 
    ORDER BY
        log_time DESC 
    LIMIT
        ?
2025-05-25 05:03:43.729 [pool-3-thread-1] DEBUG org.hibernate.SQL [] [] [] - 
    SELECT
        * 
    FROM
        batch_log 
    WHERE
        log_time > ? 
    ORDER BY
        log_time DESC 
    LIMIT
        ?
2025-05-25 05:03:44.404 [pool-3-thread-2] DEBUG org.hibernate.SQL [] [] [] - 
    SELECT
        * 
    FROM
        batch_log 
    WHERE
        log_time > ? 
    ORDER BY
        log_time DESC 
    LIMIT
        ?
2025-05-25 05:03:45.025 [pool-3-thread-1] DEBUG org.hibernate.SQL [] [] [] - 
    SELECT
        * 
    FROM
        batch_log 
    WHERE
        log_time > ? 
    ORDER BY
        log_time DESC 
    LIMIT
        ?
2025-05-25 05:03:45.746 [pool-3-thread-2] DEBUG org.hibernate.SQL [] [] [] - 
    SELECT
        * 
    FROM
        batch_log 
    WHERE
        log_time > ? 
    ORDER BY
        log_time DESC 
    LIMIT
        ?
2025-05-25 05:03:46.418 [pool-3-thread-1] DEBUG org.hibernate.SQL [] [] [] - 
    SELECT
        * 
    FROM
        batch_log 
    WHERE
        log_time > ? 
    ORDER BY
        log_time DESC 
    LIMIT
        ?
2025-05-25 05:03:47.040 [pool-3-thread-2] DEBUG org.hibernate.SQL [] [] [] - 
    SELECT
        * 
    FROM
        batch_log 
    WHERE
        log_time > ? 
    ORDER BY
        log_time DESC 
    LIMIT
        ?
2025-05-25 05:03:47.761 [pool-3-thread-1] DEBUG org.hibernate.SQL [] [] [] - 
    SELECT
        * 
    FROM
        batch_log 
    WHERE
        log_time > ? 
    ORDER BY
        log_time DESC 
    LIMIT
        ?
2025-05-25 05:03:48.440 [pool-3-thread-2] DEBUG org.hibernate.SQL [] [] [] - 
    SELECT
        * 
    FROM
        batch_log 
    WHERE
        log_time > ? 
    ORDER BY
        log_time DESC 
    LIMIT
        ?
2025-05-25 05:03:49.060 [pool-3-thread-1] DEBUG org.hibernate.SQL [] [] [] - 
    SELECT
        * 
    FROM
        batch_log 
    WHERE
        log_time > ? 
    ORDER BY
        log_time DESC 
    LIMIT
        ?
2025-05-25 05:03:49.778 [pool-3-thread-2] DEBUG org.hibernate.SQL [] [] [] - 
    SELECT
        * 
    FROM
        batch_log 
    WHERE
        log_time > ? 
    ORDER BY
        log_time DESC 
    LIMIT
        ?
2025-05-25 05:03:50.459 [pool-3-thread-1] DEBUG org.hibernate.SQL [] [] [] - 
    SELECT
        * 
    FROM
        batch_log 
    WHERE
        log_time > ? 
    ORDER BY
        log_time DESC 
    LIMIT
        ?
2025-05-25 05:03:51.076 [pool-3-thread-2] DEBUG org.hibernate.SQL [] [] [] - 
    SELECT
        * 
    FROM
        batch_log 
    WHERE
        log_time > ? 
    ORDER BY
        log_time DESC 
    LIMIT
        ?
2025-05-25 05:03:51.792 [pool-3-thread-1] DEBUG org.hibernate.SQL [] [] [] - 
    SELECT
        * 
    FROM
        batch_log 
    WHERE
        log_time > ? 
    ORDER BY
        log_time DESC 
    LIMIT
        ?
2025-05-25 05:03:52.473 [pool-3-thread-2] DEBUG org.hibernate.SQL [] [] [] - 
    SELECT
        * 
    FROM
        batch_log 
    WHERE
        log_time > ? 
    ORDER BY
        log_time DESC 
    LIMIT
        ?
2025-05-25 05:03:53.096 [pool-3-thread-1] DEBUG org.hibernate.SQL [] [] [] - 
    SELECT
        * 
    FROM
        batch_log 
    WHERE
        log_time > ? 
    ORDER BY
        log_time DESC 
    LIMIT
        ?
2025-05-25 05:03:53.812 [pool-3-thread-2] DEBUG org.hibernate.SQL [] [] [] - 
    SELECT
        * 
    FROM
        batch_log 
    WHERE
        log_time > ? 
    ORDER BY
        log_time DESC 
    LIMIT
        ?
2025-05-25 05:03:54.496 [pool-3-thread-1] DEBUG org.hibernate.SQL [] [] [] - 
    SELECT
        * 
    FROM
        batch_log 
    WHERE
        log_time > ? 
    ORDER BY
        log_time DESC 
    LIMIT
        ?
2025-05-25 05:03:55.112 [pool-3-thread-2] DEBUG org.hibernate.SQL [] [] [] - 
    SELECT
        * 
    FROM
        batch_log 
    WHERE
        log_time > ? 
    ORDER BY
        log_time DESC 
    LIMIT
        ?
2025-05-25 05:03:55.832 [pool-3-thread-1] DEBUG org.hibernate.SQL [] [] [] - 
    SELECT
        * 
    FROM
        batch_log 
    WHERE
        log_time > ? 
    ORDER BY
        log_time DESC 
    LIMIT
        ?
2025-05-25 05:03:56.514 [pool-3-thread-2] DEBUG org.hibernate.SQL [] [] [] - 
    SELECT
        * 
    FROM
        batch_log 
    WHERE
        log_time > ? 
    ORDER BY
        log_time DESC 
    LIMIT
        ?
2025-05-25 05:03:57.131 [pool-3-thread-1] DEBUG org.hibernate.SQL [] [] [] - 
    SELECT
        * 
    FROM
        batch_log 
    WHERE
        log_time > ? 
    ORDER BY
        log_time DESC 
    LIMIT
        ?
2025-05-25 05:03:57.853 [pool-3-thread-2] DEBUG org.hibernate.SQL [] [] [] - 
    SELECT
        * 
    FROM
        batch_log 
    WHERE
        log_time > ? 
    ORDER BY
        log_time DESC 
    LIMIT
        ?
2025-05-25 05:03:58.532 [pool-3-thread-1] DEBUG org.hibernate.SQL [] [] [] - 
    SELECT
        * 
    FROM
        batch_log 
    WHERE
        log_time > ? 
    ORDER BY
        log_time DESC 
    LIMIT
        ?
2025-05-25 05:03:59.150 [pool-3-thread-2] DEBUG org.hibernate.SQL [] [] [] - 
    SELECT
        * 
    FROM
        batch_log 
    WHERE
        log_time > ? 
    ORDER BY
        log_time DESC 
    LIMIT
        ?
2025-05-25 05:03:59.873 [pool-3-thread-1] DEBUG org.hibernate.SQL [] [] [] - 
    SELECT
        * 
    FROM
        batch_log 
    WHERE
        log_time > ? 
    ORDER BY
        log_time DESC 
    LIMIT
        ?
2025-05-25 05:04:00.549 [pool-3-thread-2] DEBUG org.hibernate.SQL [] [] [] - 
    SELECT
        * 
    FROM
        batch_log 
    WHERE
        log_time > ? 
    ORDER BY
        log_time DESC 
    LIMIT
        ?
2025-05-25 05:04:01.172 [pool-3-thread-1] DEBUG org.hibernate.SQL [] [] [] - 
    SELECT
        * 
    FROM
        batch_log 
    WHERE
        log_time > ? 
    ORDER BY
        log_time DESC 
    LIMIT
        ?
2025-05-25 05:04:01.889 [pool-3-thread-2] DEBUG org.hibernate.SQL [] [] [] - 
    SELECT
        * 
    FROM
        batch_log 
    WHERE
        log_time > ? 
    ORDER BY
        log_time DESC 
    LIMIT
        ?
2025-05-25 05:04:02.567 [pool-3-thread-1] DEBUG org.hibernate.SQL [] [] [] - 
    SELECT
        * 
    FROM
        batch_log 
    WHERE
        log_time > ? 
    ORDER BY
        log_time DESC 
    LIMIT
        ?
2025-05-25 05:04:03.191 [pool-3-thread-2] DEBUG org.hibernate.SQL [] [] [] - 
    SELECT
        * 
    FROM
        batch_log 
    WHERE
        log_time > ? 
    ORDER BY
        log_time DESC 
    LIMIT
        ?
2025-05-25 05:04:03.907 [pool-3-thread-1] DEBUG org.hibernate.SQL [] [] [] - 
    SELECT
        * 
    FROM
        batch_log 
    WHERE
        log_time > ? 
    ORDER BY
        log_time DESC 
    LIMIT
        ?
2025-05-25 05:04:04.587 [pool-3-thread-2] DEBUG org.hibernate.SQL [] [] [] - 
    SELECT
        * 
    FROM
        batch_log 
    WHERE
        log_time > ? 
    ORDER BY
        log_time DESC 
    LIMIT
        ?
2025-05-25 05:04:05.211 [pool-3-thread-1] DEBUG org.hibernate.SQL [] [] [] - 
    SELECT
        * 
    FROM
        batch_log 
    WHERE
        log_time > ? 
    ORDER BY
        log_time DESC 
    LIMIT
        ?
2025-05-25 05:04:05.928 [pool-3-thread-2] DEBUG org.hibernate.SQL [] [] [] - 
    SELECT
        * 
    FROM
        batch_log 
    WHERE
        log_time > ? 
    ORDER BY
        log_time DESC 
    LIMIT
        ?
2025-05-25 05:04:06.601 [pool-3-thread-1] DEBUG org.hibernate.SQL [] [] [] - 
    SELECT
        * 
    FROM
        batch_log 
    WHERE
        log_time > ? 
    ORDER BY
        log_time DESC 
    LIMIT
        ?
2025-05-25 05:04:07.227 [pool-3-thread-2] DEBUG org.hibernate.SQL [] [] [] - 
    SELECT
        * 
    FROM
        batch_log 
    WHERE
        log_time > ? 
    ORDER BY
        log_time DESC 
    LIMIT
        ?
2025-05-25 05:04:07.943 [pool-3-thread-1] DEBUG org.hibernate.SQL [] [] [] - 
    SELECT
        * 
    FROM
        batch_log 
    WHERE
        log_time > ? 
    ORDER BY
        log_time DESC 
    LIMIT
        ?
2025-05-25 05:04:08.614 [pool-3-thread-2] DEBUG org.hibernate.SQL [] [] [] - 
    SELECT
        * 
    FROM
        batch_log 
    WHERE
        log_time > ? 
    ORDER BY
        log_time DESC 
    LIMIT
        ?
2025-05-25 05:04:09.241 [pool-3-thread-1] DEBUG org.hibernate.SQL [] [] [] - 
    SELECT
        * 
    FROM
        batch_log 
    WHERE
        log_time > ? 
    ORDER BY
        log_time DESC 
    LIMIT
        ?
2025-05-25 05:04:09.963 [pool-3-thread-2] DEBUG org.hibernate.SQL [] [] [] - 
    SELECT
        * 
    FROM
        batch_log 
    WHERE
        log_time > ? 
    ORDER BY
        log_time DESC 
    LIMIT
        ?
2025-05-25 05:04:10.628 [pool-3-thread-1] DEBUG org.hibernate.SQL [] [] [] - 
    SELECT
        * 
    FROM
        batch_log 
    WHERE
        log_time > ? 
    ORDER BY
        log_time DESC 
    LIMIT
        ?
2025-05-25 05:04:11.258 [pool-3-thread-2] DEBUG org.hibernate.SQL [] [] [] - 
    SELECT
        * 
    FROM
        batch_log 
    WHERE
        log_time > ? 
    ORDER BY
        log_time DESC 
    LIMIT
        ?
2025-05-25 05:04:11.982 [pool-3-thread-1] DEBUG org.hibernate.SQL [] [] [] - 
    SELECT
        * 
    FROM
        batch_log 
    WHERE
        log_time > ? 
    ORDER BY
        log_time DESC 
    LIMIT
        ?
2025-05-25 05:04:12.646 [pool-3-thread-2] DEBUG org.hibernate.SQL [] [] [] - 
    SELECT
        * 
    FROM
        batch_log 
    WHERE
        log_time > ? 
    ORDER BY
        log_time DESC 
    LIMIT
        ?
2025-05-25 05:04:13.273 [pool-3-thread-1] DEBUG org.hibernate.SQL [] [] [] - 
    SELECT
        * 
    FROM
        batch_log 
    WHERE
        log_time > ? 
    ORDER BY
        log_time DESC 
    LIMIT
        ?
2025-05-25 05:04:13.997 [pool-3-thread-2] DEBUG org.hibernate.SQL [] [] [] - 
    SELECT
        * 
    FROM
        batch_log 
    WHERE
        log_time > ? 
    ORDER BY
        log_time DESC 
    LIMIT
        ?
2025-05-25 05:04:14.661 [pool-3-thread-1] DEBUG org.hibernate.SQL [] [] [] - 
    SELECT
        * 
    FROM
        batch_log 
    WHERE
        log_time > ? 
    ORDER BY
        log_time DESC 
    LIMIT
        ?
2025-05-25 05:04:15.289 [pool-3-thread-2] DEBUG org.hibernate.SQL [] [] [] - 
    SELECT
        * 
    FROM
        batch_log 
    WHERE
        log_time > ? 
    ORDER BY
        log_time DESC 
    LIMIT
        ?
2025-05-25 05:04:16.015 [pool-3-thread-1] DEBUG org.hibernate.SQL [] [] [] - 
    SELECT
        * 
    FROM
        batch_log 
    WHERE
        log_time > ? 
    ORDER BY
        log_time DESC 
    LIMIT
        ?
2025-05-25 05:04:16.680 [pool-3-thread-2] DEBUG org.hibernate.SQL [] [] [] - 
    SELECT
        * 
    FROM
        batch_log 
    WHERE
        log_time > ? 
    ORDER BY
        log_time DESC 
    LIMIT
        ?
2025-05-25 05:04:17.302 [pool-3-thread-1] DEBUG org.hibernate.SQL [] [] [] - 
    SELECT
        * 
    FROM
        batch_log 
    WHERE
        log_time > ? 
    ORDER BY
        log_time DESC 
    LIMIT
        ?
2025-05-25 05:04:18.033 [pool-3-thread-2] DEBUG org.hibernate.SQL [] [] [] - 
    SELECT
        * 
    FROM
        batch_log 
    WHERE
        log_time > ? 
    ORDER BY
        log_time DESC 
    LIMIT
        ?
2025-05-25 05:04:18.697 [pool-3-thread-1] DEBUG org.hibernate.SQL [] [] [] - 
    SELECT
        * 
    FROM
        batch_log 
    WHERE
        log_time > ? 
    ORDER BY
        log_time DESC 
    LIMIT
        ?
2025-05-25 05:04:19.326 [pool-3-thread-2] DEBUG org.hibernate.SQL [] [] [] - 
    SELECT
        * 
    FROM
        batch_log 
    WHERE
        log_time > ? 
    ORDER BY
        log_time DESC 
    LIMIT
        ?
2025-05-25 05:04:20.050 [pool-3-thread-1] DEBUG org.hibernate.SQL [] [] [] - 
    SELECT
        * 
    FROM
        batch_log 
    WHERE
        log_time > ? 
    ORDER BY
        log_time DESC 
    LIMIT
        ?
2025-05-25 05:04:20.713 [pool-3-thread-2] DEBUG org.hibernate.SQL [] [] [] - 
    SELECT
        * 
    FROM
        batch_log 
    WHERE
        log_time > ? 
    ORDER BY
        log_time DESC 
    LIMIT
        ?
2025-05-25 05:04:21.354 [pool-3-thread-1] DEBUG org.hibernate.SQL [] [] [] - 
    SELECT
        * 
    FROM
        batch_log 
    WHERE
        log_time > ? 
    ORDER BY
        log_time DESC 
    LIMIT
        ?
2025-05-25 05:04:22.070 [pool-3-thread-2] DEBUG org.hibernate.SQL [] [] [] - 
    SELECT
        * 
    FROM
        batch_log 
    WHERE
        log_time > ? 
    ORDER BY
        log_time DESC 
    LIMIT
        ?
2025-05-25 05:04:22.727 [pool-3-thread-1] DEBUG org.hibernate.SQL [] [] [] - 
    SELECT
        * 
    FROM
        batch_log 
    WHERE
        log_time > ? 
    ORDER BY
        log_time DESC 
    LIMIT
        ?
2025-05-25 05:04:23.374 [pool-3-thread-2] DEBUG org.hibernate.SQL [] [] [] - 
    SELECT
        * 
    FROM
        batch_log 
    WHERE
        log_time > ? 
    ORDER BY
        log_time DESC 
    LIMIT
        ?
2025-05-25 05:04:24.084 [pool-3-thread-1] DEBUG org.hibernate.SQL [] [] [] - 
    SELECT
        * 
    FROM
        batch_log 
    WHERE
        log_time > ? 
    ORDER BY
        log_time DESC 
    LIMIT
        ?
2025-05-25 05:04:24.740 [pool-3-thread-2] DEBUG org.hibernate.SQL [] [] [] - 
    SELECT
        * 
    FROM
        batch_log 
    WHERE
        log_time > ? 
    ORDER BY
        log_time DESC 
    LIMIT
        ?
2025-05-25 05:04:25.392 [pool-3-thread-1] DEBUG org.hibernate.SQL [] [] [] - 
    SELECT
        * 
    FROM
        batch_log 
    WHERE
        log_time > ? 
    ORDER BY
        log_time DESC 
    LIMIT
        ?
2025-05-25 05:04:26.101 [pool-3-thread-2] DEBUG org.hibernate.SQL [] [] [] - 
    SELECT
        * 
    FROM
        batch_log 
    WHERE
        log_time > ? 
    ORDER BY
        log_time DESC 
    LIMIT
        ?
2025-05-25 05:04:26.761 [pool-3-thread-1] DEBUG org.hibernate.SQL [] [] [] - 
    SELECT
        * 
    FROM
        batch_log 
    WHERE
        log_time > ? 
    ORDER BY
        log_time DESC 
    LIMIT
        ?
2025-05-25 05:04:27.409 [pool-3-thread-2] DEBUG org.hibernate.SQL [] [] [] - 
    SELECT
        * 
    FROM
        batch_log 
    WHERE
        log_time > ? 
    ORDER BY
        log_time DESC 
    LIMIT
        ?
2025-05-25 05:04:28.121 [pool-3-thread-1] DEBUG org.hibernate.SQL [] [] [] - 
    SELECT
        * 
    FROM
        batch_log 
    WHERE
        log_time > ? 
    ORDER BY
        log_time DESC 
    LIMIT
        ?
2025-05-25 05:04:28.778 [pool-3-thread-2] DEBUG org.hibernate.SQL [] [] [] - 
    SELECT
        * 
    FROM
        batch_log 
    WHERE
        log_time > ? 
    ORDER BY
        log_time DESC 
    LIMIT
        ?
2025-05-25 05:04:29.423 [pool-3-thread-1] DEBUG org.hibernate.SQL [] [] [] - 
    SELECT
        * 
    FROM
        batch_log 
    WHERE
        log_time > ? 
    ORDER BY
        log_time DESC 
    LIMIT
        ?
2025-05-25 05:04:30.138 [pool-3-thread-2] DEBUG org.hibernate.SQL [] [] [] - 
    SELECT
        * 
    FROM
        batch_log 
    WHERE
        log_time > ? 
    ORDER BY
        log_time DESC 
    LIMIT
        ?
2025-05-25 05:04:30.794 [pool-3-thread-1] DEBUG org.hibernate.SQL [] [] [] - 
    SELECT
        * 
    FROM
        batch_log 
    WHERE
        log_time > ? 
    ORDER BY
        log_time DESC 
    LIMIT
        ?
2025-05-25 05:04:31.439 [pool-3-thread-2] DEBUG org.hibernate.SQL [] [] [] - 
    SELECT
        * 
    FROM
        batch_log 
    WHERE
        log_time > ? 
    ORDER BY
        log_time DESC 
    LIMIT
        ?
2025-05-25 05:04:32.149 [pool-3-thread-1] DEBUG org.hibernate.SQL [] [] [] - 
    SELECT
        * 
    FROM
        batch_log 
    WHERE
        log_time > ? 
    ORDER BY
        log_time DESC 
    LIMIT
        ?
2025-05-25 05:04:32.808 [pool-3-thread-2] DEBUG org.hibernate.SQL [] [] [] - 
    SELECT
        * 
    FROM
        batch_log 
    WHERE
        log_time > ? 
    ORDER BY
        log_time DESC 
    LIMIT
        ?
2025-05-25 05:04:33.450 [pool-3-thread-1] DEBUG org.hibernate.SQL [] [] [] - 
    SELECT
        * 
    FROM
        batch_log 
    WHERE
        log_time > ? 
    ORDER BY
        log_time DESC 
    LIMIT
        ?
2025-05-25 05:04:34.163 [pool-3-thread-2] DEBUG org.hibernate.SQL [] [] [] - 
    SELECT
        * 
    FROM
        batch_log 
    WHERE
        log_time > ? 
    ORDER BY
        log_time DESC 
    LIMIT
        ?
2025-05-25 05:04:34.820 [pool-3-thread-1] DEBUG org.hibernate.SQL [] [] [] - 
    SELECT
        * 
    FROM
        batch_log 
    WHERE
        log_time > ? 
    ORDER BY
        log_time DESC 
    LIMIT
        ?
2025-05-25 05:04:35.465 [pool-3-thread-2] DEBUG org.hibernate.SQL [] [] [] - 
    SELECT
        * 
    FROM
        batch_log 
    WHERE
        log_time > ? 
    ORDER BY
        log_time DESC 
    LIMIT
        ?
2025-05-25 05:04:36.184 [pool-3-thread-1] DEBUG org.hibernate.SQL [] [] [] - 
    SELECT
        * 
    FROM
        batch_log 
    WHERE
        log_time > ? 
    ORDER BY
        log_time DESC 
    LIMIT
        ?
2025-05-25 05:04:36.838 [pool-3-thread-2] DEBUG org.hibernate.SQL [] [] [] - 
    SELECT
        * 
    FROM
        batch_log 
    WHERE
        log_time > ? 
    ORDER BY
        log_time DESC 
    LIMIT
        ?
2025-05-25 05:04:37.476 [pool-3-thread-1] DEBUG org.hibernate.SQL [] [] [] - 
    SELECT
        * 
    FROM
        batch_log 
    WHERE
        log_time > ? 
    ORDER BY
        log_time DESC 
    LIMIT
        ?
2025-05-25 05:04:38.197 [pool-3-thread-2] DEBUG org.hibernate.SQL [] [] [] - 
    SELECT
        * 
    FROM
        batch_log 
    WHERE
        log_time > ? 
    ORDER BY
        log_time DESC 
    LIMIT
        ?
2025-05-25 05:04:38.854 [pool-3-thread-1] DEBUG org.hibernate.SQL [] [] [] - 
    SELECT
        * 
    FROM
        batch_log 
    WHERE
        log_time > ? 
    ORDER BY
        log_time DESC 
    LIMIT
        ?
2025-05-25 05:04:39.493 [pool-3-thread-2] DEBUG org.hibernate.SQL [] [] [] - 
    SELECT
        * 
    FROM
        batch_log 
    WHERE
        log_time > ? 
    ORDER BY
        log_time DESC 
    LIMIT
        ?
2025-05-25 05:04:40.210 [pool-3-thread-1] DEBUG org.hibernate.SQL [] [] [] - 
    SELECT
        * 
    FROM
        batch_log 
    WHERE
        log_time > ? 
    ORDER BY
        log_time DESC 
    LIMIT
        ?
2025-05-25 05:04:40.871 [pool-3-thread-2] DEBUG org.hibernate.SQL [] [] [] - 
    SELECT
        * 
    FROM
        batch_log 
    WHERE
        log_time > ? 
    ORDER BY
        log_time DESC 
    LIMIT
        ?
2025-05-25 05:04:41.510 [pool-3-thread-1] DEBUG org.hibernate.SQL [] [] [] - 
    SELECT
        * 
    FROM
        batch_log 
    WHERE
        log_time > ? 
    ORDER BY
        log_time DESC 
    LIMIT
        ?
2025-05-25 05:04:42.224 [pool-3-thread-2] DEBUG org.hibernate.SQL [] [] [] - 
    SELECT
        * 
    FROM
        batch_log 
    WHERE
        log_time > ? 
    ORDER BY
        log_time DESC 
    LIMIT
        ?
2025-05-25 05:04:42.892 [pool-3-thread-1] DEBUG org.hibernate.SQL [] [] [] - 
    SELECT
        * 
    FROM
        batch_log 
    WHERE
        log_time > ? 
    ORDER BY
        log_time DESC 
    LIMIT
        ?
2025-05-25 05:04:43.528 [pool-3-thread-2] DEBUG org.hibernate.SQL [] [] [] - 
    SELECT
        * 
    FROM
        batch_log 
    WHERE
        log_time > ? 
    ORDER BY
        log_time DESC 
    LIMIT
        ?
2025-05-25 05:04:44.238 [pool-3-thread-1] DEBUG org.hibernate.SQL [] [] [] - 
    SELECT
        * 
    FROM
        batch_log 
    WHERE
        log_time > ? 
    ORDER BY
        log_time DESC 
    LIMIT
        ?
2025-05-25 05:04:44.911 [pool-3-thread-2] DEBUG org.hibernate.SQL [] [] [] - 
    SELECT
        * 
    FROM
        batch_log 
    WHERE
        log_time > ? 
    ORDER BY
        log_time DESC 
    LIMIT
        ?
2025-05-25 05:04:45.543 [pool-3-thread-1] DEBUG org.hibernate.SQL [] [] [] - 
    SELECT
        * 
    FROM
        batch_log 
    WHERE
        log_time > ? 
    ORDER BY
        log_time DESC 
    LIMIT
        ?
2025-05-25 05:04:46.252 [pool-3-thread-2] DEBUG org.hibernate.SQL [] [] [] - 
    SELECT
        * 
    FROM
        batch_log 
    WHERE
        log_time > ? 
    ORDER BY
        log_time DESC 
    LIMIT
        ?
2025-05-25 05:04:46.925 [pool-3-thread-1] DEBUG org.hibernate.SQL [] [] [] - 
    SELECT
        * 
    FROM
        batch_log 
    WHERE
        log_time > ? 
    ORDER BY
        log_time DESC 
    LIMIT
        ?
2025-05-25 05:04:47.556 [pool-3-thread-2] DEBUG org.hibernate.SQL [] [] [] - 
    SELECT
        * 
    FROM
        batch_log 
    WHERE
        log_time > ? 
    ORDER BY
        log_time DESC 
    LIMIT
        ?
2025-05-25 05:04:48.263 [pool-3-thread-1] DEBUG org.hibernate.SQL [] [] [] - 
    SELECT
        * 
    FROM
        batch_log 
    WHERE
        log_time > ? 
    ORDER BY
        log_time DESC 
    LIMIT
        ?
2025-05-25 05:04:48.938 [pool-3-thread-2] DEBUG org.hibernate.SQL [] [] [] - 
    SELECT
        * 
    FROM
        batch_log 
    WHERE
        log_time > ? 
    ORDER BY
        log_time DESC 
    LIMIT
        ?
2025-05-25 05:04:49.574 [pool-3-thread-1] DEBUG org.hibernate.SQL [] [] [] - 
    SELECT
        * 
    FROM
        batch_log 
    WHERE
        log_time > ? 
    ORDER BY
        log_time DESC 
    LIMIT
        ?
2025-05-25 05:04:50.281 [pool-3-thread-2] DEBUG org.hibernate.SQL [] [] [] - 
    SELECT
        * 
    FROM
        batch_log 
    WHERE
        log_time > ? 
    ORDER BY
        log_time DESC 
    LIMIT
        ?
2025-05-25 05:04:50.954 [pool-3-thread-1] DEBUG org.hibernate.SQL [] [] [] - 
    SELECT
        * 
    FROM
        batch_log 
    WHERE
        log_time > ? 
    ORDER BY
        log_time DESC 
    LIMIT
        ?
2025-05-25 05:04:51.591 [pool-3-thread-2] DEBUG org.hibernate.SQL [] [] [] - 
    SELECT
        * 
    FROM
        batch_log 
    WHERE
        log_time > ? 
    ORDER BY
        log_time DESC 
    LIMIT
        ?
2025-05-25 05:04:52.298 [pool-3-thread-1] DEBUG org.hibernate.SQL [] [] [] - 
    SELECT
        * 
    FROM
        batch_log 
    WHERE
        log_time > ? 
    ORDER BY
        log_time DESC 
    LIMIT
        ?
2025-05-25 05:04:52.974 [pool-3-thread-2] DEBUG org.hibernate.SQL [] [] [] - 
    SELECT
        * 
    FROM
        batch_log 
    WHERE
        log_time > ? 
    ORDER BY
        log_time DESC 
    LIMIT
        ?
2025-05-25 05:04:53.609 [pool-3-thread-1] DEBUG org.hibernate.SQL [] [] [] - 
    SELECT
        * 
    FROM
        batch_log 
    WHERE
        log_time > ? 
    ORDER BY
        log_time DESC 
    LIMIT
        ?
2025-05-25 05:04:54.314 [pool-3-thread-2] DEBUG org.hibernate.SQL [] [] [] - 
    SELECT
        * 
    FROM
        batch_log 
    WHERE
        log_time > ? 
    ORDER BY
        log_time DESC 
    LIMIT
        ?
2025-05-25 05:04:54.990 [pool-3-thread-1] DEBUG org.hibernate.SQL [] [] [] - 
    SELECT
        * 
    FROM
        batch_log 
    WHERE
        log_time > ? 
    ORDER BY
        log_time DESC 
    LIMIT
        ?
2025-05-25 05:04:55.628 [pool-3-thread-2] DEBUG org.hibernate.SQL [] [] [] - 
    SELECT
        * 
    FROM
        batch_log 
    WHERE
        log_time > ? 
    ORDER BY
        log_time DESC 
    LIMIT
        ?
2025-05-25 05:04:56.330 [pool-3-thread-1] DEBUG org.hibernate.SQL [] [] [] - 
    SELECT
        * 
    FROM
        batch_log 
    WHERE
        log_time > ? 
    ORDER BY
        log_time DESC 
    LIMIT
        ?
2025-05-25 05:04:57.012 [pool-3-thread-2] DEBUG org.hibernate.SQL [] [] [] - 
    SELECT
        * 
    FROM
        batch_log 
    WHERE
        log_time > ? 
    ORDER BY
        log_time DESC 
    LIMIT
        ?
2025-05-25 05:04:57.643 [pool-3-thread-1] DEBUG org.hibernate.SQL [] [] [] - 
    SELECT
        * 
    FROM
        batch_log 
    WHERE
        log_time > ? 
    ORDER BY
        log_time DESC 
    LIMIT
        ?
2025-05-25 05:04:58.346 [pool-3-thread-2] DEBUG org.hibernate.SQL [] [] [] - 
    SELECT
        * 
    FROM
        batch_log 
    WHERE
        log_time > ? 
    ORDER BY
        log_time DESC 
    LIMIT
        ?
2025-05-25 05:04:59.028 [pool-3-thread-1] DEBUG org.hibernate.SQL [] [] [] - 
    SELECT
        * 
    FROM
        batch_log 
    WHERE
        log_time > ? 
    ORDER BY
        log_time DESC 
    LIMIT
        ?
2025-05-25 05:04:59.659 [pool-3-thread-2] DEBUG org.hibernate.SQL [] [] [] - 
    SELECT
        * 
    FROM
        batch_log 
    WHERE
        log_time > ? 
    ORDER BY
        log_time DESC 
    LIMIT
        ?
2025-05-25 05:05:00.362 [pool-3-thread-1] DEBUG org.hibernate.SQL [] [] [] - 
    SELECT
        * 
    FROM
        batch_log 
    WHERE
        log_time > ? 
    ORDER BY
        log_time DESC 
    LIMIT
        ?
2025-05-25 05:05:01.041 [pool-3-thread-2] DEBUG org.hibernate.SQL [] [] [] - 
    SELECT
        * 
    FROM
        batch_log 
    WHERE
        log_time > ? 
    ORDER BY
        log_time DESC 
    LIMIT
        ?
2025-05-25 05:05:01.677 [pool-3-thread-1] DEBUG org.hibernate.SQL [] [] [] - 
    SELECT
        * 
    FROM
        batch_log 
    WHERE
        log_time > ? 
    ORDER BY
        log_time DESC 
    LIMIT
        ?
2025-05-25 05:05:02.148 [http-nio-8089-exec-6] WARN  cub.ret.tru.batch.service.OptimizedLogStreamService [] [] [] - SSE 連接超時: 96c11f94-382f-42ee-b45a-af57c83d2ee5
2025-05-25 05:05:02.148 [http-nio-8089-exec-8] WARN  cub.ret.tru.batch.service.OptimizedLogStreamService [] [] [] - SSE 連接超時: ba6eeb69-4e3a-488d-a273-eb47dba88819
2025-05-25 05:05:02.148 [http-nio-8089-exec-6] INFO  cub.ret.tru.batch.service.OptimizedLogStreamService [] [] [] - 已清理連接: 96c11f94-382f-42ee-b45a-af57c83d2ee5
2025-05-25 05:05:02.148 [http-nio-8089-exec-7] WARN  cub.ret.tru.batch.service.OptimizedLogStreamService [] [] [] - SSE 連接超時: a1eac778-4560-4247-b0b1-c73314a2e902
2025-05-25 05:05:02.148 [http-nio-8089-exec-8] INFO  cub.ret.tru.batch.service.OptimizedLogStreamService [] [] [] - 已清理連接: ba6eeb69-4e3a-488d-a273-eb47dba88819
2025-05-25 05:05:02.148 [http-nio-8089-exec-7] INFO  cub.ret.tru.batch.service.OptimizedLogStreamService [] [] [] - 已清理連接: a1eac778-4560-4247-b0b1-c73314a2e902
2025-05-25 05:05:02.154 [http-nio-8089-exec-6] WARN  org.springframework.web.servlet.mvc.support.DefaultHandlerExceptionResolver [] [] [] - Ignoring exception, response committed. : org.springframework.web.context.request.async.AsyncRequestTimeoutException
2025-05-25 05:05:02.154 [http-nio-8089-exec-7] WARN  org.springframework.web.servlet.mvc.support.DefaultHandlerExceptionResolver [] [] [] - Ignoring exception, response committed. : org.springframework.web.context.request.async.AsyncRequestTimeoutException
2025-05-25 05:05:02.154 [http-nio-8089-exec-8] WARN  org.springframework.web.servlet.mvc.support.DefaultHandlerExceptionResolver [] [] [] - Ignoring exception, response committed. : org.springframework.web.context.request.async.AsyncRequestTimeoutException
2025-05-25 05:05:02.154 [http-nio-8089-exec-7] WARN  org.springframework.web.servlet.mvc.support.DefaultHandlerExceptionResolver [] [] [] - Resolved [org.springframework.web.context.request.async.AsyncRequestTimeoutException]
2025-05-25 05:05:02.154 [http-nio-8089-exec-6] WARN  org.springframework.web.servlet.mvc.support.DefaultHandlerExceptionResolver [] [] [] - Resolved [org.springframework.web.context.request.async.AsyncRequestTimeoutException]
2025-05-25 05:05:02.154 [http-nio-8089-exec-8] WARN  org.springframework.web.servlet.mvc.support.DefaultHandlerExceptionResolver [] [] [] - Resolved [org.springframework.web.context.request.async.AsyncRequestTimeoutException]
2025-05-25 05:05:02.156 [http-nio-8089-exec-8] INFO  cub.ret.tru.batch.service.OptimizedLogStreamService [] [] [] - SSE 連接完成: ba6eeb69-4e3a-488d-a273-eb47dba88819
2025-05-25 05:05:02.156 [http-nio-8089-exec-7] INFO  cub.ret.tru.batch.service.OptimizedLogStreamService [] [] [] - SSE 連接完成: a1eac778-4560-4247-b0b1-c73314a2e902
2025-05-25 05:05:02.156 [http-nio-8089-exec-6] INFO  cub.ret.tru.batch.service.OptimizedLogStreamService [] [] [] - SSE 連接完成: 96c11f94-382f-42ee-b45a-af57c83d2ee5
2025-05-25 05:05:02.156 [http-nio-8089-exec-8] INFO  cub.ret.tru.batch.service.OptimizedLogStreamService [] [] [] - 已清理連接: ba6eeb69-4e3a-488d-a273-eb47dba88819
2025-05-25 05:05:02.156 [http-nio-8089-exec-7] INFO  cub.ret.tru.batch.service.OptimizedLogStreamService [] [] [] - 已清理連接: a1eac778-4560-4247-b0b1-c73314a2e902
2025-05-25 05:05:02.156 [http-nio-8089-exec-6] INFO  cub.ret.tru.batch.service.OptimizedLogStreamService [] [] [] - 已清理連接: 96c11f94-382f-42ee-b45a-af57c83d2ee5
2025-05-25 05:05:03.649 [main] INFO  cub.ret.tru.BatchLogSystemApplication [] [] [] - Starting BatchLogSystemApplication using Java 17.0.15 with PID 93520 (/Users/audi/Downloads/log/target/classes started by audi in /Users/audi/Downloads/log)
2025-05-25 05:05:03.651 [main] DEBUG cub.ret.tru.BatchLogSystemApplication [] [] [] - Running with Spring Boot v3.2.0, Spring v6.1.1
2025-05-25 05:05:03.652 [main] INFO  cub.ret.tru.BatchLogSystemApplication [] [] [] - No active profile set, falling back to 1 default profile: "default"
2025-05-25 05:05:03.817 [main] INFO  org.springframework.batch.core.configuration.annotation.BatchRegistrar [] [] [] - Finished Spring Batch infrastructure beans configuration in 1 ms.
2025-05-25 05:05:03.880 [main] INFO  org.springframework.data.repository.config.RepositoryConfigurationDelegate [] [] [] - Bootstrapping Spring Data JPA repositories in DEFAULT mode.
2025-05-25 05:05:03.901 [main] INFO  org.springframework.data.repository.config.RepositoryConfigurationDelegate [] [] [] - Finished Spring Data repository scanning in 20 ms. Found 3 JPA repository interfaces.
2025-05-25 05:05:03.997 [main] WARN  org.springframework.context.support.PostProcessorRegistrationDelegate$BeanPostProcessorChecker [] [] [] - Bean 'jobRegistry' of type [org.springframework.batch.core.configuration.support.MapJobRegistry] is not eligible for getting processed by all BeanPostProcessors (for example: not eligible for auto-proxying). Is this bean getting eagerly injected into a currently created BeanPostProcessor [jobRegistryBeanPostProcessor]? Check the corresponding BeanPostProcessor declaration and its dependencies.
2025-05-25 05:05:04.090 [main] INFO  org.springframework.boot.web.embedded.tomcat.TomcatWebServer [] [] [] - Tomcat initialized with port 8089 (http)
2025-05-25 05:05:04.093 [main] INFO  org.apache.coyote.http11.Http11NioProtocol [] [] [] - Initializing ProtocolHandler ["http-nio-8089"]
2025-05-25 05:05:04.094 [main] INFO  org.apache.catalina.core.StandardService [] [] [] - Starting service [Tomcat]
2025-05-25 05:05:04.094 [main] INFO  org.apache.catalina.core.StandardEngine [] [] [] - Starting Servlet engine: [Apache Tomcat/10.1.16]
2025-05-25 05:05:04.112 [main] INFO  org.apache.catalina.core.ContainerBase.[Tomcat].[localhost].[/] [] [] [] - Initializing Spring embedded WebApplicationContext
2025-05-25 05:05:04.112 [main] INFO  org.springframework.boot.web.servlet.context.ServletWebServerApplicationContext [] [] [] - Root WebApplicationContext: initialization completed in 444 ms
2025-05-25 05:05:04.165 [main] INFO  org.hibernate.jpa.internal.util.LogHelper [] [] [] - HHH000204: Processing PersistenceUnitInfo [name: default]
2025-05-25 05:05:04.182 [main] INFO  org.hibernate.Version [] [] [] - HHH000412: Hibernate ORM core version 6.3.1.Final
2025-05-25 05:05:04.194 [main] INFO  org.hibernate.cache.internal.RegionFactoryInitiator [] [] [] - HHH000026: Second-level cache disabled
2025-05-25 05:05:04.274 [main] INFO  org.springframework.orm.jpa.persistenceunit.SpringPersistenceUnitInfo [] [] [] - No LoadTimeWeaver setup: ignoring JPA class transformer
2025-05-25 05:05:04.284 [main] INFO  com.zaxxer.hikari.HikariDataSource [] [] [] - HikariPool-1 - Starting...
2025-05-25 05:05:04.386 [main] INFO  com.zaxxer.hikari.pool.HikariPool [] [] [] - HikariPool-1 - Added connection org.postgresql.jdbc.PgConnection@356fa0d1
2025-05-25 05:05:04.387 [main] INFO  com.zaxxer.hikari.HikariDataSource [] [] [] - HikariPool-1 - Start completed.
2025-05-25 05:05:04.406 [main] WARN  org.hibernate.orm.deprecation [] [] [] - HHH90000025: PostgreSQLDialect does not need to be specified explicitly using 'hibernate.dialect' (remove the property setting and it will be selected by default)
2025-05-25 05:05:04.714 [main] INFO  org.hibernate.engine.transaction.jta.platform.internal.JtaPlatformInitiator [] [] [] - HHH000489: No JTA platform available (set 'hibernate.transaction.jta.platform' to enable JTA platform integration)
2025-05-25 05:05:04.767 [main] INFO  org.springframework.orm.jpa.LocalContainerEntityManagerFactoryBean [] [] [] - Initialized JPA EntityManagerFactory for persistence unit 'default'
2025-05-25 05:05:04.783 [main] INFO  org.springframework.batch.core.repository.support.JobRepositoryFactoryBean [] [] [] - No database type set, using meta data indicating: POSTGRES
2025-05-25 05:05:04.790 [main] INFO  org.springframework.batch.core.launch.support.SimpleJobLauncher [] [] [] - No TaskExecutor has been set, defaulting to synchronous executor.
2025-05-25 05:05:04.877 [main] INFO  org.springframework.data.jpa.repository.query.QueryEnhancerFactory [] [] [] - Hibernate is in classpath; If applicable, HQL parser will be used.
2025-05-25 05:05:05.186 [main] INFO  cub.ret.tru.batch.service.LogQueryService [] [] [] - 已載入 5 個查詢策略
2025-05-25 05:05:05.187 [main] DEBUG cub.ret.tru.batch.service.LogQueryService [] [] [] - 策略: DefaultQueryStrategy - 優先級: 2147483647
2025-05-25 05:05:05.187 [main] DEBUG cub.ret.tru.batch.service.LogQueryService [] [] [] - 策略: ExecutionIdQueryStrategy - 優先級: 1
2025-05-25 05:05:05.187 [main] DEBUG cub.ret.tru.batch.service.LogQueryService [] [] [] - 策略: JobNameQueryStrategy - 優先級: 2
2025-05-25 05:05:05.187 [main] DEBUG cub.ret.tru.batch.service.LogQueryService [] [] [] - 策略: KeywordQueryStrategy - 優先級: 4
2025-05-25 05:05:05.187 [main] DEBUG cub.ret.tru.batch.service.LogQueryService [] [] [] - 策略: TimeRangeQueryStrategy - 優先級: 5
2025-05-25 05:05:05.199 [main] INFO  org.springframework.batch.core.configuration.annotation.BatchObservabilityBeanPostProcessor [] [] [] - No Micrometer observation registry found, defaulting to ObservationRegistry.NOOP
2025-05-25 05:05:05.200 [main] INFO  org.springframework.batch.core.configuration.annotation.BatchObservabilityBeanPostProcessor [] [] [] - No Micrometer observation registry found, defaulting to ObservationRegistry.NOOP
2025-05-25 05:05:05.200 [main] INFO  org.springframework.batch.core.configuration.annotation.BatchObservabilityBeanPostProcessor [] [] [] - No Micrometer observation registry found, defaulting to ObservationRegistry.NOOP
2025-05-25 05:05:05.200 [main] INFO  org.springframework.batch.core.configuration.annotation.BatchObservabilityBeanPostProcessor [] [] [] - No Micrometer observation registry found, defaulting to ObservationRegistry.NOOP
2025-05-25 05:05:05.202 [main] INFO  org.springframework.batch.core.configuration.annotation.BatchObservabilityBeanPostProcessor [] [] [] - No Micrometer observation registry found, defaulting to ObservationRegistry.NOOP
2025-05-25 05:05:05.217 [main] WARN  org.springframework.boot.autoconfigure.orm.jpa.JpaBaseConfiguration$JpaWebConfiguration [] [] [] - spring.jpa.open-in-view is enabled by default. Therefore, database queries may be performed during view rendering. Explicitly configure spring.jpa.open-in-view to disable this warning
2025-05-25 05:05:05.355 [main] INFO  org.apache.coyote.http11.Http11NioProtocol [] [] [] - Starting ProtocolHandler ["http-nio-8089"]
2025-05-25 05:05:05.362 [main] INFO  org.springframework.boot.web.embedded.tomcat.TomcatWebServer [] [] [] - Tomcat started on port 8089 (http) with context path ''
2025-05-25 05:05:05.365 [main] INFO  cub.ret.tru.BatchLogSystemApplication [] [] [] - Started BatchLogSystemApplication in 1.855 seconds (process running for 2.316)
2025-05-25 05:05:08.204 [http-nio-8089-exec-1] INFO  org.apache.catalina.core.ContainerBase.[Tomcat].[localhost].[/] [] [] [] - Initializing Spring DispatcherServlet 'dispatcherServlet'
2025-05-25 05:05:08.204 [http-nio-8089-exec-1] INFO  org.springframework.web.servlet.DispatcherServlet [] [] [] - Initializing Servlet 'dispatcherServlet'
2025-05-25 05:05:08.205 [http-nio-8089-exec-1] INFO  org.springframework.web.servlet.DispatcherServlet [] [] [] - Completed initialization in 1 ms
2025-05-25 05:05:08.227 [http-nio-8089-exec-1] INFO  cub.ret.tru.batch.controller.OptimizedLogController [] [] [] - 建立日誌串流連接: df45d061-859c-4f81-90ca-14eecce99513
2025-05-25 05:05:08.228 [http-nio-8089-exec-1] INFO  cub.ret.tru.batch.service.OptimizedLogStreamService [] [] [] - 建立 SSE 連接: df45d061-859c-4f81-90ca-14eecce99513
2025-05-25 05:05:08.229 [http-nio-8089-exec-1] DEBUG cub.ret.tru.batch.service.LogQueryService [] [] [] - 執行日誌查詢，條件: LogQueryCriteria(executionId=null, jobName=GET_EMPLOYEE_JOB, stepName=null, logLevels=[DEBUG], keyword=null, startTime=null, endTime=null, limit=50, sortDirection=null, queryType=REAL_TIME)
2025-05-25 05:05:08.231 [http-nio-8089-exec-1] DEBUG cub.ret.tru.batch.service.LogQueryService [] [] [] - 選擇策略: JobNameQueryStrategy
2025-05-25 05:05:08.231 [http-nio-8089-exec-1] DEBUG cub.ret.tru.batch.service.query.JobNameQueryStrategy [] [] [] - 使用作業名稱查詢策略: GET_EMPLOYEE_JOB
2025-05-25 05:05:08.372 [http-nio-8089-exec-1] DEBUG cub.ret.tru.batch.service.LogQueryService [] [] [] - 查詢完成，返回 50 筆記錄
2025-05-25 05:05:12.091 [http-nio-8089-exec-4] INFO  cub.ret.tru.batch.controller.OptimizedLogController [] [] [] - 建立日誌串流連接: b9e6ac0c-83ac-45ae-96e3-4874eeee9a97
2025-05-25 05:05:12.092 [http-nio-8089-exec-4] INFO  cub.ret.tru.batch.service.OptimizedLogStreamService [] [] [] - 建立 SSE 連接: b9e6ac0c-83ac-45ae-96e3-4874eeee9a97
2025-05-25 05:05:12.092 [http-nio-8089-exec-4] DEBUG cub.ret.tru.batch.service.LogQueryService [] [] [] - 執行日誌查詢，條件: LogQueryCriteria(executionId=null, jobName=GET_EMPLOYEE_JOB, stepName=null, logLevels=null, keyword=null, startTime=null, endTime=null, limit=50, sortDirection=null, queryType=REAL_TIME)
2025-05-25 05:05:12.092 [http-nio-8089-exec-4] DEBUG cub.ret.tru.batch.service.LogQueryService [] [] [] - 選擇策略: JobNameQueryStrategy
2025-05-25 05:05:12.093 [http-nio-8089-exec-4] DEBUG cub.ret.tru.batch.service.query.JobNameQueryStrategy [] [] [] - 使用作業名稱查詢策略: GET_EMPLOYEE_JOB
2025-05-25 05:05:12.238 [http-nio-8089-exec-4] DEBUG cub.ret.tru.batch.service.LogQueryService [] [] [] - 查詢完成，返回 50 筆記錄
2025-05-25 05:05:19.069 [http-nio-8089-exec-6] INFO  org.springframework.batch.core.launch.support.SimpleJobLauncher [] [] [] - Job: [SimpleJob: [name=GET_EMPLOYEE_JOB]] launched with the following parameters: [{'timestamp':'{value=1748120718945, type=class java.lang.Long, identifying=true}'}]
2025-05-25 05:05:19.113 [http-nio-8089-exec-6] INFO  cub.ret.tru.batch.listener.base.BaseJobListener [202505250505GET_EMPLOYEE_JOB] [GET_EMPLOYEE_JOB] [] - === 作業開始執行 ===
2025-05-25 05:05:19.114 [http-nio-8089-exec-6] INFO  cub.ret.tru.batch.listener.base.BaseJobListener [202505250505GET_EMPLOYEE_JOB] [GET_EMPLOYEE_JOB] [] - 執行代號: 202505250505GET_EMPLOYEE_JOB
2025-05-25 05:05:19.114 [http-nio-8089-exec-6] INFO  cub.ret.tru.batch.listener.base.BaseJobListener [202505250505GET_EMPLOYEE_JOB] [GET_EMPLOYEE_JOB] [] - 作業名稱: GET_EMPLOYEE_JOB
2025-05-25 05:05:19.114 [http-nio-8089-exec-6] INFO  cub.ret.tru.batch.listener.base.BaseJobListener [202505250505GET_EMPLOYEE_JOB] [GET_EMPLOYEE_JOB] [] - 作業實例ID: 48
2025-05-25 05:05:19.114 [http-nio-8089-exec-6] INFO  cub.ret.tru.batch.listener.base.BaseJobListener [202505250505GET_EMPLOYEE_JOB] [GET_EMPLOYEE_JOB] [] - 作業執行ID: 48
2025-05-25 05:05:19.115 [http-nio-8089-exec-6] INFO  cub.ret.tru.batch.listener.base.BaseJobListener [202505250505GET_EMPLOYEE_JOB] [GET_EMPLOYEE_JOB] [] - 開始時間: 2025-05-25T05:05:19.088557
2025-05-25 05:05:19.189 [http-nio-8089-exec-6] INFO  org.springframework.batch.core.job.SimpleStepHandler [202505250505GET_EMPLOYEE_JOB] [GET_EMPLOYEE_JOB] [] - Executing step: [initializeEmployeeJobContextStep]
2025-05-25 05:05:19.229 [http-nio-8089-exec-6] DEBUG cub.ret.tru.batch.job.GetEmployeeJobConfig [202505250505GET_EMPLOYEE_JOB] [GET_EMPLOYEE_JOB] [initializeEmployeeJobContextStep] - 【DEBUG】進入初始化步驟
2025-05-25 05:05:19.249 [http-nio-8089-exec-6] INFO  cub.ret.tru.batch.job.GetEmployeeJobConfig [202505250505GET_EMPLOYEE_JOB] [GET_EMPLOYEE_JOB] [initializeEmployeeJobContextStep] - STEP 1: 初始化 GET_EMPLOYEE_JOB 作業上下文
2025-05-25 05:05:19.263 [http-nio-8089-exec-6] DEBUG cub.ret.tru.batch.job.GetEmployeeJobConfig [202505250505GET_EMPLOYEE_JOB] [GET_EMPLOYEE_JOB] [initializeEmployeeJobContextStep] - 【DEBUG】讀取配置參數 - filePath: test-files/ftppool, backupPath: test-files/ftppool/Backup
2025-05-25 05:05:19.279 [http-nio-8089-exec-6] DEBUG cub.ret.tru.batch.job.GetEmployeeJobConfig [202505250505GET_EMPLOYEE_JOB] [GET_EMPLOYEE_JOB] [initializeEmployeeJobContextStep] - 【DEBUG】組合檔案路徑: test-files/ftppool/BOND_MEMMARK.txt
2025-05-25 05:05:19.294 [http-nio-8089-exec-6] DEBUG cub.ret.tru.batch.job.GetEmployeeJobConfig [202505250505GET_EMPLOYEE_JOB] [GET_EMPLOYEE_JOB] [initializeEmployeeJobContextStep] - 【DEBUG】參數設定到執行上下文完成
2025-05-25 05:05:19.314 [http-nio-8089-exec-6] INFO  cub.ret.tru.batch.job.GetEmployeeJobConfig [202505250505GET_EMPLOYEE_JOB] [GET_EMPLOYEE_JOB] [initializeEmployeeJobContextStep] - 資料檔案路徑: test-files/ftppool/BOND_MEMMARK.txt
2025-05-25 05:05:19.314 [http-nio-8089-exec-6] INFO  cub.ret.tru.batch.job.GetEmployeeJobConfig [202505250505GET_EMPLOYEE_JOB] [GET_EMPLOYEE_JOB] [initializeEmployeeJobContextStep] - 備份檔案路徑: test-files/ftppool/Backup
2025-05-25 05:05:19.314 [http-nio-8089-exec-6] INFO  cub.ret.tru.batch.job.GetEmployeeJobConfig [202505250505GET_EMPLOYEE_JOB] [GET_EMPLOYEE_JOB] [initializeEmployeeJobContextStep] - 原始檔案名稱: BOND_MEMMARK.txt
2025-05-25 05:05:19.314 [http-nio-8089-exec-6] INFO  cub.ret.tru.batch.job.GetEmployeeJobConfig [202505250505GET_EMPLOYEE_JOB] [GET_EMPLOYEE_JOB] [initializeEmployeeJobContextStep] - 執行代號: 202505250505GET_EMPLOYEE_JOB
2025-05-25 05:05:19.333 [http-nio-8089-exec-6] DEBUG cub.ret.tru.batch.job.GetEmployeeJobConfig [202505250505GET_EMPLOYEE_JOB] [GET_EMPLOYEE_JOB] [initializeEmployeeJobContextStep] - 【DEBUG】初始化步驟完成
2025-05-25 05:05:19.402 [http-nio-8089-exec-6] INFO  org.springframework.batch.core.step.AbstractStep [202505250505GET_EMPLOYEE_JOB] [GET_EMPLOYEE_JOB] [initializeEmployeeJobContextStep] - Step: [initializeEmployeeJobContextStep] executed in 212ms
2025-05-25 05:05:19.494 [http-nio-8089-exec-6] INFO  org.springframework.batch.core.job.SimpleStepHandler [202505250505GET_EMPLOYEE_JOB] [GET_EMPLOYEE_JOB] [initializeEmployeeJobContextStep] - Executing step: [processEmployeeFileStep]
2025-05-25 05:05:19.527 [http-nio-8089-exec-6] DEBUG cub.ret.tru.batch.job.GetEmployeeJobConfig [202505250505GET_EMPLOYEE_JOB] [GET_EMPLOYEE_JOB] [processEmployeeFileStep] - 【DEBUG】進入檔案處理步驟
2025-05-25 05:05:19.545 [http-nio-8089-exec-6] INFO  cub.ret.tru.batch.job.GetEmployeeJobConfig [202505250505GET_EMPLOYEE_JOB] [GET_EMPLOYEE_JOB] [processEmployeeFileStep] - STEP 2: 開始處理行員檔案
2025-05-25 05:05:19.565 [http-nio-8089-exec-7] ERROR cub.ret.tru.batch.service.OptimizedLogStreamService [] [] [] - SSE 連接錯誤: df45d061-859c-4f81-90ca-14eecce99513 - Broken pipe
2025-05-25 05:05:19.565 [http-nio-8089-exec-7] INFO  cub.ret.tru.batch.service.OptimizedLogStreamService [] [] [] - 已清理連接: df45d061-859c-4f81-90ca-14eecce99513
2025-05-25 05:05:19.565 [http-nio-8089-exec-6] DEBUG cub.ret.tru.batch.job.GetEmployeeJobConfig [202505250505GET_EMPLOYEE_JOB] [GET_EMPLOYEE_JOB] [processEmployeeFileStep] - 【DEBUG】準備調用 GetEmployeeJobTasklet
2025-05-25 05:05:19.564 [pool-3-thread-2] ERROR cub.ret.tru.batch.service.OptimizedLogStreamService [] [] [] - 發送增量日誌失敗: df45d061-859c-4f81-90ca-14eecce99513
org.apache.catalina.connector.ClientAbortException: java.io.IOException: Broken pipe
	at org.apache.catalina.connector.OutputBuffer.doFlush(OutputBuffer.java:305) ~[tomcat-embed-core-10.1.16.jar:10.1.16]
	at org.apache.catalina.connector.OutputBuffer.flush(OutputBuffer.java:267) ~[tomcat-embed-core-10.1.16.jar:10.1.16]
	at org.apache.catalina.connector.CoyoteOutputStream.flush(CoyoteOutputStream.java:120) ~[tomcat-embed-core-10.1.16.jar:10.1.16]
	at java.base/java.io.FilterOutputStream.flush(FilterOutputStream.java:153) ~[?:?]
	at com.fasterxml.jackson.core.json.UTF8JsonGenerator.flush(UTF8JsonGenerator.java:1200) ~[jackson-core-2.15.3.jar:2.15.3]
	at com.fasterxml.jackson.databind.ObjectWriter.writeValue(ObjectWriter.java:1063) ~[jackson-databind-2.15.3.jar:2.15.3]
	at org.springframework.http.converter.json.AbstractJackson2HttpMessageConverter.writeInternal(AbstractJackson2HttpMessageConverter.java:483) ~[spring-web-6.1.1.jar:6.1.1]
	at org.springframework.http.converter.AbstractGenericHttpMessageConverter.writeInternal(AbstractGenericHttpMessageConverter.java:123) ~[spring-web-6.1.1.jar:6.1.1]
	at org.springframework.http.converter.AbstractHttpMessageConverter.write(AbstractHttpMessageConverter.java:236) ~[spring-web-6.1.1.jar:6.1.1]
	at org.springframework.web.servlet.mvc.method.annotation.ResponseBodyEmitterReturnValueHandler$HttpMessageConvertingHandler.sendInternal(ResponseBodyEmitterReturnValueHandler.java:221) ~[spring-webmvc-6.1.1.jar:6.1.1]
	at org.springframework.web.servlet.mvc.method.annotation.ResponseBodyEmitterReturnValueHandler$HttpMessageConvertingHandler.send(ResponseBodyEmitterReturnValueHandler.java:212) ~[spring-webmvc-6.1.1.jar:6.1.1]
	at org.springframework.web.servlet.mvc.method.annotation.ResponseBodyEmitter.sendInternal(ResponseBodyEmitter.java:234) ~[spring-webmvc-6.1.1.jar:6.1.1]
	at org.springframework.web.servlet.mvc.method.annotation.ResponseBodyEmitter.send(ResponseBodyEmitter.java:225) ~[spring-webmvc-6.1.1.jar:6.1.1]
	at org.springframework.web.servlet.mvc.method.annotation.SseEmitter.send(SseEmitter.java:135) ~[spring-webmvc-6.1.1.jar:6.1.1]
	at cub.ret.tru.batch.service.OptimizedLogStreamService.lambda$startPolling$3(OptimizedLogStreamService.java:110) ~[classes/:?]
	at java.base/java.util.concurrent.Executors$RunnableAdapter.call(Executors.java:539) [?:?]
	at java.base/java.util.concurrent.FutureTask.runAndReset$$$capture(FutureTask.java:305) [?:?]
	at java.base/java.util.concurrent.FutureTask.runAndReset(FutureTask.java) [?:?]
	at java.base/java.util.concurrent.ScheduledThreadPoolExecutor$ScheduledFutureTask.run(ScheduledThreadPoolExecutor.java:305) [?:?]
	at java.base/java.util.concurrent.ThreadPoolExecutor.runWorker(ThreadPoolExecutor.java:1136) [?:?]
	at java.base/java.util.concurrent.ThreadPoolExecutor$Worker.run(ThreadPoolExecutor.java:635) [?:?]
	at java.base/java.lang.Thread.run(Thread.java:840) [?:?]
Caused by: java.io.IOException: Broken pipe
	at java.base/sun.nio.ch.FileDispatcherImpl.write0(Native Method) ~[?:?]
	at java.base/sun.nio.ch.SocketDispatcher.write(SocketDispatcher.java:62) ~[?:?]
	at java.base/sun.nio.ch.IOUtil.writeFromNativeBuffer(IOUtil.java:132) ~[?:?]
	at java.base/sun.nio.ch.IOUtil.write(IOUtil.java:97) ~[?:?]
	at java.base/sun.nio.ch.IOUtil.write(IOUtil.java:53) ~[?:?]
	at java.base/sun.nio.ch.SocketChannelImpl.write(SocketChannelImpl.java:532) ~[?:?]
	at org.apache.tomcat.util.net.NioChannel.write(NioChannel.java:118) ~[tomcat-embed-core-10.1.16.jar:10.1.16]
	at org.apache.tomcat.util.net.NioEndpoint$NioSocketWrapper.doWrite(NioEndpoint.java:1381) ~[tomcat-embed-core-10.1.16.jar:10.1.16]
	at org.apache.tomcat.util.net.SocketWrapperBase.doWrite(SocketWrapperBase.java:764) ~[tomcat-embed-core-10.1.16.jar:10.1.16]
	at org.apache.tomcat.util.net.SocketWrapperBase.flushBlocking(SocketWrapperBase.java:728) ~[tomcat-embed-core-10.1.16.jar:10.1.16]
	at org.apache.tomcat.util.net.SocketWrapperBase.flush(SocketWrapperBase.java:712) ~[tomcat-embed-core-10.1.16.jar:10.1.16]
	at org.apache.coyote.http11.Http11OutputBuffer$SocketOutputBuffer.flush(Http11OutputBuffer.java:566) ~[tomcat-embed-core-10.1.16.jar:10.1.16]
	at org.apache.coyote.http11.filters.ChunkedOutputFilter.flush(ChunkedOutputFilter.java:157) ~[tomcat-embed-core-10.1.16.jar:10.1.16]
	at org.apache.coyote.http11.Http11OutputBuffer.flush(Http11OutputBuffer.java:220) ~[tomcat-embed-core-10.1.16.jar:10.1.16]
	at org.apache.coyote.http11.Http11Processor.flush(Http11Processor.java:1245) ~[tomcat-embed-core-10.1.16.jar:10.1.16]
	at org.apache.coyote.AbstractProcessor.action(AbstractProcessor.java:400) ~[tomcat-embed-core-10.1.16.jar:10.1.16]
	at org.apache.coyote.Response.action(Response.java:208) ~[tomcat-embed-core-10.1.16.jar:10.1.16]
	at org.apache.catalina.connector.OutputBuffer.doFlush(OutputBuffer.java:301) ~[tomcat-embed-core-10.1.16.jar:10.1.16]
	... 21 more
2025-05-25 05:05:19.568 [pool-3-thread-2] INFO  cub.ret.tru.batch.service.OptimizedLogStreamService [] [] [] - 已清理連接: df45d061-859c-4f81-90ca-14eecce99513
2025-05-25 05:05:19.583 [http-nio-8089-exec-6] DEBUG cub.ret.tru.batch.tasklet.GetEmployeeJobTasklet [202505250505GET_EMPLOYEE_JOB] [GET_EMPLOYEE_JOB] [processEmployeeFileStep] - 【DEBUG】進入 GetEmployeeJobTasklet.execute()
2025-05-25 05:05:19.597 [http-nio-8089-exec-6] DEBUG cub.ret.tru.batch.tasklet.GetEmployeeJobTasklet [202505250505GET_EMPLOYEE_JOB] [GET_EMPLOYEE_JOB] [processEmployeeFileStep] - 【DEBUG】取得檔案路徑參數: test-files/ftppool/BOND_MEMMARK.txt
2025-05-25 05:05:19.614 [http-nio-8089-exec-6] INFO  cub.ret.tru.batch.tasklet.GetEmployeeJobTasklet [202505250505GET_EMPLOYEE_JOB] [GET_EMPLOYEE_JOB] [processEmployeeFileStep] - 開始處理行員檔案: test-files/ftppool/BOND_MEMMARK.txt
2025-05-25 05:05:19.631 [http-nio-8089-exec-6] DEBUG cub.ret.tru.batch.tasklet.GetEmployeeJobTasklet [202505250505GET_EMPLOYEE_JOB] [GET_EMPLOYEE_JOB] [processEmployeeFileStep] - 【DEBUG】檢查檔案是否存在: true
2025-05-25 05:05:19.647 [http-nio-8089-exec-6] DEBUG cub.ret.tru.batch.tasklet.GetEmployeeJobTasklet [202505250505GET_EMPLOYEE_JOB] [GET_EMPLOYEE_JOB] [processEmployeeFileStep] - 【DEBUG】開始讀取檔案行數
2025-05-25 05:05:19.673 [http-nio-8089-exec-6] INFO  cub.ret.tru.batch.tasklet.GetEmployeeJobTasklet [202505250505GET_EMPLOYEE_JOB] [GET_EMPLOYEE_JOB] [processEmployeeFileStep] - 檔案總行數: 31
2025-05-25 05:05:19.689 [http-nio-8089-exec-6] INFO  cub.ret.tru.batch.tasklet.GetEmployeeJobTasklet [202505250505GET_EMPLOYEE_JOB] [GET_EMPLOYEE_JOB] [processEmployeeFileStep] - 正在解析行員檔案...
2025-05-25 05:05:19.715 [http-nio-8089-exec-6] DEBUG cub.ret.tru.batch.tasklet.GetEmployeeJobTasklet [202505250505GET_EMPLOYEE_JOB] [GET_EMPLOYEE_JOB] [processEmployeeFileStep] - 【DEBUG】處理批次 1-31, 批次大小: 31
2025-05-25 05:05:19.838 [http-nio-8089-exec-6] INFO  cub.ret.tru.batch.tasklet.GetEmployeeJobTasklet [202505250505GET_EMPLOYEE_JOB] [GET_EMPLOYEE_JOB] [processEmployeeFileStep] - 處理進度: 31/31 ({:.1f}%), 錯誤記錄: 100.0
2025-05-25 05:05:19.857 [http-nio-8089-exec-6] DEBUG cub.ret.tru.batch.tasklet.GetEmployeeJobTasklet [202505250505GET_EMPLOYEE_JOB] [GET_EMPLOYEE_JOB] [processEmployeeFileStep] - 【DEBUG】檔案處理邏輯完成，開始統計
2025-05-25 05:05:19.874 [http-nio-8089-exec-6] INFO  cub.ret.tru.batch.tasklet.GetEmployeeJobTasklet [202505250505GET_EMPLOYEE_JOB] [GET_EMPLOYEE_JOB] [processEmployeeFileStep] - 行員檔案處理完成
2025-05-25 05:05:19.874 [http-nio-8089-exec-6] INFO  cub.ret.tru.batch.tasklet.GetEmployeeJobTasklet [202505250505GET_EMPLOYEE_JOB] [GET_EMPLOYEE_JOB] [processEmployeeFileStep] - 總處理記錄數: 31
2025-05-25 05:05:19.874 [http-nio-8089-exec-6] INFO  cub.ret.tru.batch.tasklet.GetEmployeeJobTasklet [202505250505GET_EMPLOYEE_JOB] [GET_EMPLOYEE_JOB] [processEmployeeFileStep] - 錯誤記錄數: 0
2025-05-25 05:05:19.874 [http-nio-8089-exec-6] INFO  cub.ret.tru.batch.tasklet.GetEmployeeJobTasklet [202505250505GET_EMPLOYEE_JOB] [GET_EMPLOYEE_JOB] [processEmployeeFileStep] - 成功處理率: {:.2f}%
2025-05-25 05:05:19.945 [http-nio-8089-exec-6] DEBUG cub.ret.tru.batch.tasklet.GetEmployeeJobTasklet [202505250505GET_EMPLOYEE_JOB] [GET_EMPLOYEE_JOB] [processEmployeeFileStep] - 【DEBUG】GetEmployeeJobTasklet.execute() 正常結束
2025-05-25 05:05:19.967 [http-nio-8089-exec-6] DEBUG cub.ret.tru.batch.job.GetEmployeeJobConfig [202505250505GET_EMPLOYEE_JOB] [GET_EMPLOYEE_JOB] [processEmployeeFileStep] - 【DEBUG】GetEmployeeJobTasklet 執行完成，結果: FINISHED
2025-05-25 05:05:20.036 [http-nio-8089-exec-6] INFO  org.springframework.batch.core.step.AbstractStep [202505250505GET_EMPLOYEE_JOB] [GET_EMPLOYEE_JOB] [processEmployeeFileStep] - Step: [processEmployeeFileStep] executed in 541ms
2025-05-25 05:05:20.109 [http-nio-8089-exec-6] INFO  org.springframework.batch.core.job.SimpleStepHandler [202505250505GET_EMPLOYEE_JOB] [GET_EMPLOYEE_JOB] [processEmployeeFileStep] - Executing step: [dataValidationStep]
2025-05-25 05:05:20.142 [http-nio-8089-exec-6] DEBUG cub.ret.tru.batch.job.GetEmployeeJobConfig [202505250505GET_EMPLOYEE_JOB] [GET_EMPLOYEE_JOB] [dataValidationStep] - 【DEBUG】進入資料驗證步驟
2025-05-25 05:05:20.169 [http-nio-8089-exec-6] INFO  cub.ret.tru.batch.job.GetEmployeeJobConfig [202505250505GET_EMPLOYEE_JOB] [GET_EMPLOYEE_JOB] [dataValidationStep] - STEP 3: 開始資料驗證
2025-05-25 05:05:20.190 [http-nio-8089-exec-6] WARN  cub.ret.tru.batch.job.GetEmployeeJobConfig [202505250505GET_EMPLOYEE_JOB] [GET_EMPLOYEE_JOB] [dataValidationStep] - 【驗證警告】檢測到大量資料，驗證時間可能較長
2025-05-25 05:05:20.206 [http-nio-8089-exec-6] DEBUG cub.ret.tru.batch.job.GetEmployeeJobConfig [202505250505GET_EMPLOYEE_JOB] [GET_EMPLOYEE_JOB] [dataValidationStep] - 【DEBUG】準備調用 DataValidationTasklet
2025-05-25 05:05:20.220 [http-nio-8089-exec-6] DEBUG cub.ret.tru.batch.tasklet.DataValidationTasklet [202505250505GET_EMPLOYEE_JOB] [GET_EMPLOYEE_JOB] [dataValidationStep] - 【DEBUG】開始資料驗證程序
2025-05-25 05:05:20.238 [http-nio-8089-exec-6] INFO  cub.ret.tru.batch.tasklet.DataValidationTasklet [202505250505GET_EMPLOYEE_JOB] [GET_EMPLOYEE_JOB] [dataValidationStep] - === 階段1: 資料格式驗證 ===
2025-05-25 05:05:20.251 [http-nio-8089-exec-6] DEBUG cub.ret.tru.batch.tasklet.DataValidationTasklet [202505250505GET_EMPLOYEE_JOB] [GET_EMPLOYEE_JOB] [dataValidationStep] - 【DEBUG】載入格式驗證規則
2025-05-25 05:05:20.265 [http-nio-8089-exec-6] DEBUG cub.ret.tru.batch.tasklet.DataValidationTasklet [202505250505GET_EMPLOYEE_JOB] [GET_EMPLOYEE_JOB] [dataValidationStep] - 【DEBUG】驗證記錄 1 - 檢查欄位格式
2025-05-25 05:05:20.280 [http-nio-8089-exec-6] DEBUG cub.ret.tru.batch.tasklet.DataValidationTasklet [202505250505GET_EMPLOYEE_JOB] [GET_EMPLOYEE_JOB] [dataValidationStep] - 【DEBUG】驗證記錄 2 - 檢查欄位格式
2025-05-25 05:05:20.301 [http-nio-8089-exec-6] DEBUG cub.ret.tru.batch.tasklet.DataValidationTasklet [202505250505GET_EMPLOYEE_JOB] [GET_EMPLOYEE_JOB] [dataValidationStep] - 【DEBUG】驗證記錄 3 - 檢查欄位格式
2025-05-25 05:05:20.318 [http-nio-8089-exec-6] WARN  cub.ret.tru.batch.tasklet.DataValidationTasklet [202505250505GET_EMPLOYEE_JOB] [GET_EMPLOYEE_JOB] [dataValidationStep] - 【格式警告】記錄 3 的日期格式不符合標準
2025-05-25 05:05:20.338 [http-nio-8089-exec-6] DEBUG cub.ret.tru.batch.tasklet.DataValidationTasklet [202505250505GET_EMPLOYEE_JOB] [GET_EMPLOYEE_JOB] [dataValidationStep] - 【DEBUG】驗證記錄 4 - 檢查欄位格式
2025-05-25 05:05:20.355 [http-nio-8089-exec-6] WARN  cub.ret.tru.batch.tasklet.DataValidationTasklet [202505250505GET_EMPLOYEE_JOB] [GET_EMPLOYEE_JOB] [dataValidationStep] - 【格式警告】記錄 4 的日期格式不符合標準
2025-05-25 05:05:20.372 [http-nio-8089-exec-6] DEBUG cub.ret.tru.batch.tasklet.DataValidationTasklet [202505250505GET_EMPLOYEE_JOB] [GET_EMPLOYEE_JOB] [dataValidationStep] - 【DEBUG】驗證記錄 5 - 檢查欄位格式
2025-05-25 05:05:20.391 [http-nio-8089-exec-6] DEBUG cub.ret.tru.batch.tasklet.DataValidationTasklet [202505250505GET_EMPLOYEE_JOB] [GET_EMPLOYEE_JOB] [dataValidationStep] - 【DEBUG】驗證記錄 6 - 檢查欄位格式
2025-05-25 05:05:20.410 [http-nio-8089-exec-6] DEBUG cub.ret.tru.batch.tasklet.DataValidationTasklet [202505250505GET_EMPLOYEE_JOB] [GET_EMPLOYEE_JOB] [dataValidationStep] - 【DEBUG】驗證記錄 7 - 檢查欄位格式
2025-05-25 05:05:20.439 [http-nio-8089-exec-6] DEBUG cub.ret.tru.batch.tasklet.DataValidationTasklet [202505250505GET_EMPLOYEE_JOB] [GET_EMPLOYEE_JOB] [dataValidationStep] - 【DEBUG】驗證記錄 8 - 檢查欄位格式
2025-05-25 05:05:20.456 [http-nio-8089-exec-6] WARN  cub.ret.tru.batch.tasklet.DataValidationTasklet [202505250505GET_EMPLOYEE_JOB] [GET_EMPLOYEE_JOB] [dataValidationStep] - 【格式警告】記錄 8 的日期格式不符合標準
2025-05-25 05:05:20.471 [http-nio-8089-exec-6] DEBUG cub.ret.tru.batch.tasklet.DataValidationTasklet [202505250505GET_EMPLOYEE_JOB] [GET_EMPLOYEE_JOB] [dataValidationStep] - 【DEBUG】驗證記錄 9 - 檢查欄位格式
2025-05-25 05:05:20.494 [http-nio-8089-exec-6] DEBUG cub.ret.tru.batch.tasklet.DataValidationTasklet [202505250505GET_EMPLOYEE_JOB] [GET_EMPLOYEE_JOB] [dataValidationStep] - 【DEBUG】驗證記錄 10 - 檢查欄位格式
2025-05-25 05:05:20.569 [http-nio-8089-exec-6] INFO  cub.ret.tru.batch.tasklet.DataValidationTasklet [202505250505GET_EMPLOYEE_JOB] [GET_EMPLOYEE_JOB] [dataValidationStep] - 格式驗證進度: 10/50
2025-05-25 05:05:20.591 [http-nio-8089-exec-6] DEBUG cub.ret.tru.batch.tasklet.DataValidationTasklet [202505250505GET_EMPLOYEE_JOB] [GET_EMPLOYEE_JOB] [dataValidationStep] - 【DEBUG】驗證記錄 11 - 檢查欄位格式
2025-05-25 05:05:20.611 [http-nio-8089-exec-6] DEBUG cub.ret.tru.batch.tasklet.DataValidationTasklet [202505250505GET_EMPLOYEE_JOB] [GET_EMPLOYEE_JOB] [dataValidationStep] - 【DEBUG】驗證記錄 12 - 檢查欄位格式
2025-05-25 05:05:20.632 [http-nio-8089-exec-6] DEBUG cub.ret.tru.batch.tasklet.DataValidationTasklet [202505250505GET_EMPLOYEE_JOB] [GET_EMPLOYEE_JOB] [dataValidationStep] - 【DEBUG】驗證記錄 13 - 檢查欄位格式
2025-05-25 05:05:20.653 [http-nio-8089-exec-6] DEBUG cub.ret.tru.batch.tasklet.DataValidationTasklet [202505250505GET_EMPLOYEE_JOB] [GET_EMPLOYEE_JOB] [dataValidationStep] - 【DEBUG】驗證記錄 14 - 檢查欄位格式
2025-05-25 05:05:20.672 [http-nio-8089-exec-6] WARN  cub.ret.tru.batch.tasklet.DataValidationTasklet [202505250505GET_EMPLOYEE_JOB] [GET_EMPLOYEE_JOB] [dataValidationStep] - 【格式警告】記錄 14 的日期格式不符合標準
2025-05-25 05:05:20.700 [http-nio-8089-exec-6] DEBUG cub.ret.tru.batch.tasklet.DataValidationTasklet [202505250505GET_EMPLOYEE_JOB] [GET_EMPLOYEE_JOB] [dataValidationStep] - 【DEBUG】驗證記錄 15 - 檢查欄位格式
2025-05-25 05:05:20.716 [http-nio-8089-exec-6] ERROR cub.ret.tru.batch.tasklet.DataValidationTasklet [202505250505GET_EMPLOYEE_JOB] [GET_EMPLOYEE_JOB] [dataValidationStep] - 【格式錯誤】記錄 15 含有非法字元
2025-05-25 05:05:20.733 [http-nio-8089-exec-6] DEBUG cub.ret.tru.batch.tasklet.DataValidationTasklet [202505250505GET_EMPLOYEE_JOB] [GET_EMPLOYEE_JOB] [dataValidationStep] - 【DEBUG】驗證記錄 16 - 檢查欄位格式
2025-05-25 05:05:20.756 [http-nio-8089-exec-6] DEBUG cub.ret.tru.batch.tasklet.DataValidationTasklet [202505250505GET_EMPLOYEE_JOB] [GET_EMPLOYEE_JOB] [dataValidationStep] - 【DEBUG】驗證記錄 17 - 檢查欄位格式
2025-05-25 05:05:20.779 [http-nio-8089-exec-6] DEBUG cub.ret.tru.batch.tasklet.DataValidationTasklet [202505250505GET_EMPLOYEE_JOB] [GET_EMPLOYEE_JOB] [dataValidationStep] - 【DEBUG】驗證記錄 18 - 檢查欄位格式
2025-05-25 05:05:20.801 [http-nio-8089-exec-6] DEBUG cub.ret.tru.batch.tasklet.DataValidationTasklet [202505250505GET_EMPLOYEE_JOB] [GET_EMPLOYEE_JOB] [dataValidationStep] - 【DEBUG】驗證記錄 19 - 檢查欄位格式
2025-05-25 05:05:20.819 [http-nio-8089-exec-6] DEBUG cub.ret.tru.batch.tasklet.DataValidationTasklet [202505250505GET_EMPLOYEE_JOB] [GET_EMPLOYEE_JOB] [dataValidationStep] - 【DEBUG】驗證記錄 20 - 檢查欄位格式
2025-05-25 05:05:20.898 [http-nio-8089-exec-6] INFO  cub.ret.tru.batch.tasklet.DataValidationTasklet [202505250505GET_EMPLOYEE_JOB] [GET_EMPLOYEE_JOB] [dataValidationStep] - 格式驗證進度: 20/50
2025-05-25 05:05:20.918 [http-nio-8089-exec-6] DEBUG cub.ret.tru.batch.tasklet.DataValidationTasklet [202505250505GET_EMPLOYEE_JOB] [GET_EMPLOYEE_JOB] [dataValidationStep] - 【DEBUG】驗證記錄 21 - 檢查欄位格式
2025-05-25 05:05:20.934 [http-nio-8089-exec-6] DEBUG cub.ret.tru.batch.tasklet.DataValidationTasklet [202505250505GET_EMPLOYEE_JOB] [GET_EMPLOYEE_JOB] [dataValidationStep] - 【DEBUG】驗證記錄 22 - 檢查欄位格式
2025-05-25 05:05:20.951 [http-nio-8089-exec-6] WARN  cub.ret.tru.batch.tasklet.DataValidationTasklet [202505250505GET_EMPLOYEE_JOB] [GET_EMPLOYEE_JOB] [dataValidationStep] - 【格式警告】記錄 22 的日期格式不符合標準
2025-05-25 05:05:20.973 [http-nio-8089-exec-6] DEBUG cub.ret.tru.batch.tasklet.DataValidationTasklet [202505250505GET_EMPLOYEE_JOB] [GET_EMPLOYEE_JOB] [dataValidationStep] - 【DEBUG】驗證記錄 23 - 檢查欄位格式
2025-05-25 05:05:20.989 [http-nio-8089-exec-6] DEBUG cub.ret.tru.batch.tasklet.DataValidationTasklet [202505250505GET_EMPLOYEE_JOB] [GET_EMPLOYEE_JOB] [dataValidationStep] - 【DEBUG】驗證記錄 24 - 檢查欄位格式
2025-05-25 05:05:21.006 [http-nio-8089-exec-6] DEBUG cub.ret.tru.batch.tasklet.DataValidationTasklet [202505250505GET_EMPLOYEE_JOB] [GET_EMPLOYEE_JOB] [dataValidationStep] - 【DEBUG】驗證記錄 25 - 檢查欄位格式
2025-05-25 05:05:21.025 [http-nio-8089-exec-6] DEBUG cub.ret.tru.batch.tasklet.DataValidationTasklet [202505250505GET_EMPLOYEE_JOB] [GET_EMPLOYEE_JOB] [dataValidationStep] - 【DEBUG】驗證記錄 26 - 檢查欄位格式
2025-05-25 05:05:21.041 [http-nio-8089-exec-6] DEBUG cub.ret.tru.batch.tasklet.DataValidationTasklet [202505250505GET_EMPLOYEE_JOB] [GET_EMPLOYEE_JOB] [dataValidationStep] - 【DEBUG】驗證記錄 27 - 檢查欄位格式
2025-05-25 05:05:21.066 [http-nio-8089-exec-6] DEBUG cub.ret.tru.batch.tasklet.DataValidationTasklet [202505250505GET_EMPLOYEE_JOB] [GET_EMPLOYEE_JOB] [dataValidationStep] - 【DEBUG】驗證記錄 28 - 檢查欄位格式
2025-05-25 05:05:21.084 [http-nio-8089-exec-6] DEBUG cub.ret.tru.batch.tasklet.DataValidationTasklet [202505250505GET_EMPLOYEE_JOB] [GET_EMPLOYEE_JOB] [dataValidationStep] - 【DEBUG】驗證記錄 29 - 檢查欄位格式
2025-05-25 05:05:21.100 [http-nio-8089-exec-6] WARN  cub.ret.tru.batch.tasklet.DataValidationTasklet [202505250505GET_EMPLOYEE_JOB] [GET_EMPLOYEE_JOB] [dataValidationStep] - 【格式警告】記錄 29 的日期格式不符合標準
2025-05-25 05:05:21.125 [http-nio-8089-exec-6] DEBUG cub.ret.tru.batch.tasklet.DataValidationTasklet [202505250505GET_EMPLOYEE_JOB] [GET_EMPLOYEE_JOB] [dataValidationStep] - 【DEBUG】驗證記錄 30 - 檢查欄位格式
2025-05-25 05:05:21.194 [http-nio-8089-exec-6] INFO  cub.ret.tru.batch.tasklet.DataValidationTasklet [202505250505GET_EMPLOYEE_JOB] [GET_EMPLOYEE_JOB] [dataValidationStep] - 格式驗證進度: 30/50
2025-05-25 05:05:21.209 [http-nio-8089-exec-6] DEBUG cub.ret.tru.batch.tasklet.DataValidationTasklet [202505250505GET_EMPLOYEE_JOB] [GET_EMPLOYEE_JOB] [dataValidationStep] - 【DEBUG】驗證記錄 31 - 檢查欄位格式
2025-05-25 05:05:21.223 [http-nio-8089-exec-6] DEBUG cub.ret.tru.batch.tasklet.DataValidationTasklet [202505250505GET_EMPLOYEE_JOB] [GET_EMPLOYEE_JOB] [dataValidationStep] - 【DEBUG】驗證記錄 32 - 檢查欄位格式
2025-05-25 05:05:21.248 [http-nio-8089-exec-6] DEBUG cub.ret.tru.batch.tasklet.DataValidationTasklet [202505250505GET_EMPLOYEE_JOB] [GET_EMPLOYEE_JOB] [dataValidationStep] - 【DEBUG】驗證記錄 33 - 檢查欄位格式
2025-05-25 05:05:21.265 [http-nio-8089-exec-6] WARN  cub.ret.tru.batch.tasklet.DataValidationTasklet [202505250505GET_EMPLOYEE_JOB] [GET_EMPLOYEE_JOB] [dataValidationStep] - 【格式警告】記錄 33 的日期格式不符合標準
2025-05-25 05:05:21.279 [http-nio-8089-exec-6] DEBUG cub.ret.tru.batch.tasklet.DataValidationTasklet [202505250505GET_EMPLOYEE_JOB] [GET_EMPLOYEE_JOB] [dataValidationStep] - 【DEBUG】驗證記錄 34 - 檢查欄位格式
2025-05-25 05:05:21.295 [http-nio-8089-exec-6] DEBUG cub.ret.tru.batch.tasklet.DataValidationTasklet [202505250505GET_EMPLOYEE_JOB] [GET_EMPLOYEE_JOB] [dataValidationStep] - 【DEBUG】驗證記錄 35 - 檢查欄位格式
2025-05-25 05:05:21.311 [http-nio-8089-exec-6] DEBUG cub.ret.tru.batch.tasklet.DataValidationTasklet [202505250505GET_EMPLOYEE_JOB] [GET_EMPLOYEE_JOB] [dataValidationStep] - 【DEBUG】驗證記錄 36 - 檢查欄位格式
2025-05-25 05:05:21.327 [http-nio-8089-exec-6] DEBUG cub.ret.tru.batch.tasklet.DataValidationTasklet [202505250505GET_EMPLOYEE_JOB] [GET_EMPLOYEE_JOB] [dataValidationStep] - 【DEBUG】驗證記錄 37 - 檢查欄位格式
2025-05-25 05:05:21.344 [http-nio-8089-exec-6] DEBUG cub.ret.tru.batch.tasklet.DataValidationTasklet [202505250505GET_EMPLOYEE_JOB] [GET_EMPLOYEE_JOB] [dataValidationStep] - 【DEBUG】驗證記錄 38 - 檢查欄位格式
2025-05-25 05:05:21.365 [http-nio-8089-exec-6] DEBUG cub.ret.tru.batch.tasklet.DataValidationTasklet [202505250505GET_EMPLOYEE_JOB] [GET_EMPLOYEE_JOB] [dataValidationStep] - 【DEBUG】驗證記錄 39 - 檢查欄位格式
2025-05-25 05:05:21.383 [http-nio-8089-exec-6] DEBUG cub.ret.tru.batch.tasklet.DataValidationTasklet [202505250505GET_EMPLOYEE_JOB] [GET_EMPLOYEE_JOB] [dataValidationStep] - 【DEBUG】驗證記錄 40 - 檢查欄位格式
2025-05-25 05:05:21.403 [http-nio-8089-exec-6] WARN  cub.ret.tru.batch.tasklet.DataValidationTasklet [202505250505GET_EMPLOYEE_JOB] [GET_EMPLOYEE_JOB] [dataValidationStep] - 【格式警告】記錄 40 的日期格式不符合標準
2025-05-25 05:05:21.474 [http-nio-8089-exec-6] INFO  cub.ret.tru.batch.tasklet.DataValidationTasklet [202505250505GET_EMPLOYEE_JOB] [GET_EMPLOYEE_JOB] [dataValidationStep] - 格式驗證進度: 40/50
2025-05-25 05:05:21.499 [http-nio-8089-exec-6] DEBUG cub.ret.tru.batch.tasklet.DataValidationTasklet [202505250505GET_EMPLOYEE_JOB] [GET_EMPLOYEE_JOB] [dataValidationStep] - 【DEBUG】驗證記錄 41 - 檢查欄位格式
2025-05-25 05:05:21.517 [http-nio-8089-exec-6] DEBUG cub.ret.tru.batch.tasklet.DataValidationTasklet [202505250505GET_EMPLOYEE_JOB] [GET_EMPLOYEE_JOB] [dataValidationStep] - 【DEBUG】驗證記錄 42 - 檢查欄位格式
2025-05-25 05:05:21.534 [http-nio-8089-exec-6] DEBUG cub.ret.tru.batch.tasklet.DataValidationTasklet [202505250505GET_EMPLOYEE_JOB] [GET_EMPLOYEE_JOB] [dataValidationStep] - 【DEBUG】驗證記錄 43 - 檢查欄位格式
2025-05-25 05:05:21.553 [http-nio-8089-exec-6] DEBUG cub.ret.tru.batch.tasklet.DataValidationTasklet [202505250505GET_EMPLOYEE_JOB] [GET_EMPLOYEE_JOB] [dataValidationStep] - 【DEBUG】驗證記錄 44 - 檢查欄位格式
2025-05-25 05:05:21.574 [http-nio-8089-exec-6] DEBUG cub.ret.tru.batch.tasklet.DataValidationTasklet [202505250505GET_EMPLOYEE_JOB] [GET_EMPLOYEE_JOB] [dataValidationStep] - 【DEBUG】驗證記錄 45 - 檢查欄位格式
2025-05-25 05:05:21.591 [http-nio-8089-exec-6] DEBUG cub.ret.tru.batch.tasklet.DataValidationTasklet [202505250505GET_EMPLOYEE_JOB] [GET_EMPLOYEE_JOB] [dataValidationStep] - 【DEBUG】驗證記錄 46 - 檢查欄位格式
2025-05-25 05:05:21.607 [http-nio-8089-exec-6] DEBUG cub.ret.tru.batch.tasklet.DataValidationTasklet [202505250505GET_EMPLOYEE_JOB] [GET_EMPLOYEE_JOB] [dataValidationStep] - 【DEBUG】驗證記錄 47 - 檢查欄位格式
2025-05-25 05:05:21.625 [http-nio-8089-exec-6] ERROR cub.ret.tru.batch.tasklet.DataValidationTasklet [202505250505GET_EMPLOYEE_JOB] [GET_EMPLOYEE_JOB] [dataValidationStep] - 【格式錯誤】記錄 47 含有非法字元
2025-05-25 05:05:21.651 [http-nio-8089-exec-6] DEBUG cub.ret.tru.batch.tasklet.DataValidationTasklet [202505250505GET_EMPLOYEE_JOB] [GET_EMPLOYEE_JOB] [dataValidationStep] - 【DEBUG】驗證記錄 48 - 檢查欄位格式
2025-05-25 05:05:21.676 [http-nio-8089-exec-6] DEBUG cub.ret.tru.batch.tasklet.DataValidationTasklet [202505250505GET_EMPLOYEE_JOB] [GET_EMPLOYEE_JOB] [dataValidationStep] - 【DEBUG】驗證記錄 49 - 檢查欄位格式
2025-05-25 05:05:21.693 [http-nio-8089-exec-6] DEBUG cub.ret.tru.batch.tasklet.DataValidationTasklet [202505250505GET_EMPLOYEE_JOB] [GET_EMPLOYEE_JOB] [dataValidationStep] - 【DEBUG】驗證記錄 50 - 檢查欄位格式
2025-05-25 05:05:21.762 [http-nio-8089-exec-6] INFO  cub.ret.tru.batch.tasklet.DataValidationTasklet [202505250505GET_EMPLOYEE_JOB] [GET_EMPLOYEE_JOB] [dataValidationStep] - 格式驗證進度: 50/50
2025-05-25 05:05:21.785 [http-nio-8089-exec-6] INFO  cub.ret.tru.batch.tasklet.DataValidationTasklet [202505250505GET_EMPLOYEE_JOB] [GET_EMPLOYEE_JOB] [dataValidationStep] - 格式驗證完成
2025-05-25 05:05:21.801 [http-nio-8089-exec-6] INFO  cub.ret.tru.batch.tasklet.DataValidationTasklet [202505250505GET_EMPLOYEE_JOB] [GET_EMPLOYEE_JOB] [dataValidationStep] - === 階段2: 業務規則驗證 ===
2025-05-25 05:05:21.824 [http-nio-8089-exec-6] DEBUG cub.ret.tru.batch.tasklet.DataValidationTasklet [202505250505GET_EMPLOYEE_JOB] [GET_EMPLOYEE_JOB] [dataValidationStep] - 【DEBUG】載入業務規則引擎
2025-05-25 05:05:21.841 [http-nio-8089-exec-6] WARN  cub.ret.tru.batch.tasklet.DataValidationTasklet [202505250505GET_EMPLOYEE_JOB] [GET_EMPLOYEE_JOB] [dataValidationStep] - 【規則引擎警告】某些業務規則可能已過期，建議更新
2025-05-25 05:05:21.855 [http-nio-8089-exec-6] DEBUG cub.ret.tru.batch.tasklet.DataValidationTasklet [202505250505GET_EMPLOYEE_JOB] [GET_EMPLOYEE_JOB] [dataValidationStep] - 【DEBUG】執行業務規則: 薪資範圍驗證
2025-05-25 05:05:22.087 [http-nio-8089-exec-6] WARN  cub.ret.tru.batch.tasklet.DataValidationTasklet [202505250505GET_EMPLOYEE_JOB] [GET_EMPLOYEE_JOB] [dataValidationStep] - 【業務警告】規則 '薪資範圍驗證' 發現異常數據
2025-05-25 05:05:22.105 [http-nio-8089-exec-6] INFO  cub.ret.tru.batch.tasklet.DataValidationTasklet [202505250505GET_EMPLOYEE_JOB] [GET_EMPLOYEE_JOB] [dataValidationStep] - 業務規則 '薪資範圍驗證' 執行完成
2025-05-25 05:05:22.123 [http-nio-8089-exec-6] DEBUG cub.ret.tru.batch.tasklet.DataValidationTasklet [202505250505GET_EMPLOYEE_JOB] [GET_EMPLOYEE_JOB] [dataValidationStep] - 【DEBUG】執行業務規則: 部門編碼檢查
2025-05-25 05:05:22.347 [http-nio-8089-exec-6] INFO  cub.ret.tru.batch.tasklet.DataValidationTasklet [202505250505GET_EMPLOYEE_JOB] [GET_EMPLOYEE_JOB] [dataValidationStep] - 業務規則 '部門編碼檢查' 執行完成
2025-05-25 05:05:22.371 [http-nio-8089-exec-6] DEBUG cub.ret.tru.batch.tasklet.DataValidationTasklet [202505250505GET_EMPLOYEE_JOB] [GET_EMPLOYEE_JOB] [dataValidationStep] - 【DEBUG】執行業務規則: 職位層級驗證
2025-05-25 05:05:22.595 [http-nio-8089-exec-6] WARN  cub.ret.tru.batch.tasklet.DataValidationTasklet [202505250505GET_EMPLOYEE_JOB] [GET_EMPLOYEE_JOB] [dataValidationStep] - 【業務警告】規則 '職位層級驗證' 發現異常數據
2025-05-25 05:05:22.614 [http-nio-8089-exec-6] INFO  cub.ret.tru.batch.tasklet.DataValidationTasklet [202505250505GET_EMPLOYEE_JOB] [GET_EMPLOYEE_JOB] [dataValidationStep] - 業務規則 '職位層級驗證' 執行完成
2025-05-25 05:05:22.628 [http-nio-8089-exec-6] DEBUG cub.ret.tru.batch.tasklet.DataValidationTasklet [202505250505GET_EMPLOYEE_JOB] [GET_EMPLOYEE_JOB] [dataValidationStep] - 【DEBUG】執行業務規則: 入職日期合理性
2025-05-25 05:05:22.847 [http-nio-8089-exec-6] INFO  cub.ret.tru.batch.tasklet.DataValidationTasklet [202505250505GET_EMPLOYEE_JOB] [GET_EMPLOYEE_JOB] [dataValidationStep] - 業務規則 '入職日期合理性' 執行完成
2025-05-25 05:05:22.860 [http-nio-8089-exec-6] DEBUG cub.ret.tru.batch.tasklet.DataValidationTasklet [202505250505GET_EMPLOYEE_JOB] [GET_EMPLOYEE_JOB] [dataValidationStep] - 【DEBUG】執行業務規則: 員工編號唯一性
2025-05-25 05:05:23.082 [http-nio-8089-exec-6] WARN  cub.ret.tru.batch.tasklet.DataValidationTasklet [202505250505GET_EMPLOYEE_JOB] [GET_EMPLOYEE_JOB] [dataValidationStep] - 【業務警告】規則 '員工編號唯一性' 發現異常數據
2025-05-25 05:05:23.105 [http-nio-8089-exec-6] INFO  cub.ret.tru.batch.tasklet.DataValidationTasklet [202505250505GET_EMPLOYEE_JOB] [GET_EMPLOYEE_JOB] [dataValidationStep] - 業務規則 '員工編號唯一性' 執行完成
2025-05-25 05:05:23.121 [http-nio-8089-exec-6] DEBUG cub.ret.tru.batch.tasklet.DataValidationTasklet [202505250505GET_EMPLOYEE_JOB] [GET_EMPLOYEE_JOB] [dataValidationStep] - 【DEBUG】執行業務規則: 聯絡資訊完整性
2025-05-25 05:05:23.340 [http-nio-8089-exec-6] INFO  cub.ret.tru.batch.tasklet.DataValidationTasklet [202505250505GET_EMPLOYEE_JOB] [GET_EMPLOYEE_JOB] [dataValidationStep] - 業務規則 '聯絡資訊完整性' 執行完成
2025-05-25 05:05:23.357 [http-nio-8089-exec-6] INFO  cub.ret.tru.batch.tasklet.DataValidationTasklet [202505250505GET_EMPLOYEE_JOB] [GET_EMPLOYEE_JOB] [dataValidationStep] - 業務規則驗證完成
2025-05-25 05:05:23.373 [http-nio-8089-exec-6] INFO  cub.ret.tru.batch.tasklet.DataValidationTasklet [202505250505GET_EMPLOYEE_JOB] [GET_EMPLOYEE_JOB] [dataValidationStep] - === 階段3: 資料完整性檢查 ===
2025-05-25 05:05:23.390 [http-nio-8089-exec-6] DEBUG cub.ret.tru.batch.tasklet.DataValidationTasklet [202505250505GET_EMPLOYEE_JOB] [GET_EMPLOYEE_JOB] [dataValidationStep] - 【DEBUG】建立完整性檢查索引
2025-05-25 05:05:23.412 [http-nio-8089-exec-6] DEBUG cub.ret.tru.batch.tasklet.DataValidationTasklet [202505250505GET_EMPLOYEE_JOB] [GET_EMPLOYEE_JOB] [dataValidationStep] - 【DEBUG】執行完整性檢查: 外鍵關聯檢查
2025-05-25 05:05:23.730 [http-nio-8089-exec-6] INFO  cub.ret.tru.batch.tasklet.DataValidationTasklet [202505250505GET_EMPLOYEE_JOB] [GET_EMPLOYEE_JOB] [dataValidationStep] - 完整性檢查 '外鍵關聯檢查' 完成
2025-05-25 05:05:23.748 [http-nio-8089-exec-6] DEBUG cub.ret.tru.batch.tasklet.DataValidationTasklet [202505250505GET_EMPLOYEE_JOB] [GET_EMPLOYEE_JOB] [dataValidationStep] - 【DEBUG】執行完整性檢查: 唯一性約束驗證
2025-05-25 05:05:24.074 [http-nio-8089-exec-6] INFO  cub.ret.tru.batch.tasklet.DataValidationTasklet [202505250505GET_EMPLOYEE_JOB] [GET_EMPLOYEE_JOB] [dataValidationStep] - 完整性檢查 '唯一性約束驗證' 完成
2025-05-25 05:05:24.096 [http-nio-8089-exec-6] DEBUG cub.ret.tru.batch.tasklet.DataValidationTasklet [202505250505GET_EMPLOYEE_JOB] [GET_EMPLOYEE_JOB] [dataValidationStep] - 【DEBUG】執行完整性檢查: 非空值檢查
2025-05-25 05:05:24.412 [http-nio-8089-exec-6] WARN  cub.ret.tru.batch.tasklet.DataValidationTasklet [202505250505GET_EMPLOYEE_JOB] [GET_EMPLOYEE_JOB] [dataValidationStep] - 【完整性警告】'非空值檢查' 發現潛在問題
2025-05-25 05:05:24.433 [http-nio-8089-exec-6] INFO  cub.ret.tru.batch.tasklet.DataValidationTasklet [202505250505GET_EMPLOYEE_JOB] [GET_EMPLOYEE_JOB] [dataValidationStep] - 完整性檢查 '非空值檢查' 完成
2025-05-25 05:05:24.450 [http-nio-8089-exec-6] DEBUG cub.ret.tru.batch.tasklet.DataValidationTasklet [202505250505GET_EMPLOYEE_JOB] [GET_EMPLOYEE_JOB] [dataValidationStep] - 【DEBUG】執行完整性檢查: 參照完整性驗證
2025-05-25 05:05:24.769 [http-nio-8089-exec-6] INFO  cub.ret.tru.batch.tasklet.DataValidationTasklet [202505250505GET_EMPLOYEE_JOB] [GET_EMPLOYEE_JOB] [dataValidationStep] - 完整性檢查 '參照完整性驗證' 完成
2025-05-25 05:05:24.787 [http-nio-8089-exec-6] INFO  cub.ret.tru.batch.tasklet.DataValidationTasklet [202505250505GET_EMPLOYEE_JOB] [GET_EMPLOYEE_JOB] [dataValidationStep] - 資料完整性檢查完成
2025-05-25 05:05:24.804 [http-nio-8089-exec-6] INFO  cub.ret.tru.batch.tasklet.DataValidationTasklet [202505250505GET_EMPLOYEE_JOB] [GET_EMPLOYEE_JOB] [dataValidationStep] - === 階段4: 效能監控 ===
2025-05-25 05:05:24.820 [http-nio-8089-exec-6] DEBUG cub.ret.tru.batch.tasklet.DataValidationTasklet [202505250505GET_EMPLOYEE_JOB] [GET_EMPLOYEE_JOB] [dataValidationStep] - 【DEBUG】啟動效能監控器
2025-05-25 05:05:24.938 [http-nio-8089-exec-6] DEBUG cub.ret.tru.batch.tasklet.DataValidationTasklet [202505250505GET_EMPLOYEE_JOB] [GET_EMPLOYEE_JOB] [dataValidationStep] - 【DEBUG】CPU使用率: 55%
2025-05-25 05:05:24.957 [http-nio-8089-exec-6] DEBUG cub.ret.tru.batch.tasklet.DataValidationTasklet [202505250505GET_EMPLOYEE_JOB] [GET_EMPLOYEE_JOB] [dataValidationStep] - 【DEBUG】內存使用率: 41%
2025-05-25 05:05:25.080 [http-nio-8089-exec-6] DEBUG cub.ret.tru.batch.tasklet.DataValidationTasklet [202505250505GET_EMPLOYEE_JOB] [GET_EMPLOYEE_JOB] [dataValidationStep] - 【DEBUG】CPU使用率: 65%
2025-05-25 05:05:25.097 [http-nio-8089-exec-6] DEBUG cub.ret.tru.batch.tasklet.DataValidationTasklet [202505250505GET_EMPLOYEE_JOB] [GET_EMPLOYEE_JOB] [dataValidationStep] - 【DEBUG】內存使用率: 45%
2025-05-25 05:05:25.217 [http-nio-8089-exec-6] DEBUG cub.ret.tru.batch.tasklet.DataValidationTasklet [202505250505GET_EMPLOYEE_JOB] [GET_EMPLOYEE_JOB] [dataValidationStep] - 【DEBUG】CPU使用率: 79%
2025-05-25 05:05:25.234 [http-nio-8089-exec-6] DEBUG cub.ret.tru.batch.tasklet.DataValidationTasklet [202505250505GET_EMPLOYEE_JOB] [GET_EMPLOYEE_JOB] [dataValidationStep] - 【DEBUG】內存使用率: 73%
2025-05-25 05:05:25.251 [http-nio-8089-exec-6] WARN  cub.ret.tru.batch.tasklet.DataValidationTasklet [202505250505GET_EMPLOYEE_JOB] [GET_EMPLOYEE_JOB] [dataValidationStep] - 【效能警告】CPU使用率過高: 79%
2025-05-25 05:05:25.370 [http-nio-8089-exec-6] DEBUG cub.ret.tru.batch.tasklet.DataValidationTasklet [202505250505GET_EMPLOYEE_JOB] [GET_EMPLOYEE_JOB] [dataValidationStep] - 【DEBUG】CPU使用率: 45%
2025-05-25 05:05:25.387 [http-nio-8089-exec-6] DEBUG cub.ret.tru.batch.tasklet.DataValidationTasklet [202505250505GET_EMPLOYEE_JOB] [GET_EMPLOYEE_JOB] [dataValidationStep] - 【DEBUG】內存使用率: 63%
2025-05-25 05:05:25.510 [http-nio-8089-exec-6] DEBUG cub.ret.tru.batch.tasklet.DataValidationTasklet [202505250505GET_EMPLOYEE_JOB] [GET_EMPLOYEE_JOB] [dataValidationStep] - 【DEBUG】CPU使用率: 63%
2025-05-25 05:05:25.537 [http-nio-8089-exec-6] DEBUG cub.ret.tru.batch.tasklet.DataValidationTasklet [202505250505GET_EMPLOYEE_JOB] [GET_EMPLOYEE_JOB] [dataValidationStep] - 【DEBUG】內存使用率: 80%
2025-05-25 05:05:25.559 [http-nio-8089-exec-6] WARN  cub.ret.tru.batch.tasklet.DataValidationTasklet [202505250505GET_EMPLOYEE_JOB] [GET_EMPLOYEE_JOB] [dataValidationStep] - 【效能警告】內存使用率過高: 80%
2025-05-25 05:05:25.680 [http-nio-8089-exec-6] DEBUG cub.ret.tru.batch.tasklet.DataValidationTasklet [202505250505GET_EMPLOYEE_JOB] [GET_EMPLOYEE_JOB] [dataValidationStep] - 【DEBUG】CPU使用率: 62%
2025-05-25 05:05:25.697 [http-nio-8089-exec-6] DEBUG cub.ret.tru.batch.tasklet.DataValidationTasklet [202505250505GET_EMPLOYEE_JOB] [GET_EMPLOYEE_JOB] [dataValidationStep] - 【DEBUG】內存使用率: 46%
2025-05-25 05:05:25.817 [http-nio-8089-exec-6] DEBUG cub.ret.tru.batch.tasklet.DataValidationTasklet [202505250505GET_EMPLOYEE_JOB] [GET_EMPLOYEE_JOB] [dataValidationStep] - 【DEBUG】CPU使用率: 67%
2025-05-25 05:05:25.838 [http-nio-8089-exec-6] DEBUG cub.ret.tru.batch.tasklet.DataValidationTasklet [202505250505GET_EMPLOYEE_JOB] [GET_EMPLOYEE_JOB] [dataValidationStep] - 【DEBUG】內存使用率: 51%
2025-05-25 05:05:25.966 [http-nio-8089-exec-6] DEBUG cub.ret.tru.batch.tasklet.DataValidationTasklet [202505250505GET_EMPLOYEE_JOB] [GET_EMPLOYEE_JOB] [dataValidationStep] - 【DEBUG】CPU使用率: 55%
2025-05-25 05:05:25.982 [http-nio-8089-exec-6] DEBUG cub.ret.tru.batch.tasklet.DataValidationTasklet [202505250505GET_EMPLOYEE_JOB] [GET_EMPLOYEE_JOB] [dataValidationStep] - 【DEBUG】內存使用率: 64%
2025-05-25 05:05:26.099 [http-nio-8089-exec-6] DEBUG cub.ret.tru.batch.tasklet.DataValidationTasklet [202505250505GET_EMPLOYEE_JOB] [GET_EMPLOYEE_JOB] [dataValidationStep] - 【DEBUG】CPU使用率: 68%
2025-05-25 05:05:26.118 [http-nio-8089-exec-6] DEBUG cub.ret.tru.batch.tasklet.DataValidationTasklet [202505250505GET_EMPLOYEE_JOB] [GET_EMPLOYEE_JOB] [dataValidationStep] - 【DEBUG】內存使用率: 52%
2025-05-25 05:05:26.243 [http-nio-8089-exec-6] DEBUG cub.ret.tru.batch.tasklet.DataValidationTasklet [202505250505GET_EMPLOYEE_JOB] [GET_EMPLOYEE_JOB] [dataValidationStep] - 【DEBUG】CPU使用率: 49%
2025-05-25 05:05:26.263 [http-nio-8089-exec-6] DEBUG cub.ret.tru.batch.tasklet.DataValidationTasklet [202505250505GET_EMPLOYEE_JOB] [GET_EMPLOYEE_JOB] [dataValidationStep] - 【DEBUG】內存使用率: 69%
2025-05-25 05:05:26.285 [http-nio-8089-exec-6] INFO  cub.ret.tru.batch.tasklet.DataValidationTasklet [202505250505GET_EMPLOYEE_JOB] [GET_EMPLOYEE_JOB] [dataValidationStep] - 效能監控完成
2025-05-25 05:05:26.303 [http-nio-8089-exec-6] INFO  cub.ret.tru.batch.tasklet.DataValidationTasklet [202505250505GET_EMPLOYEE_JOB] [GET_EMPLOYEE_JOB] [dataValidationStep] - 平均回應時間: {:.2f}ms
2025-05-25 05:05:26.323 [http-nio-8089-exec-6] INFO  cub.ret.tru.batch.tasklet.DataValidationTasklet [202505250505GET_EMPLOYEE_JOB] [GET_EMPLOYEE_JOB] [dataValidationStep] - 資料驗證程序完成
2025-05-25 05:05:26.344 [http-nio-8089-exec-6] DEBUG cub.ret.tru.batch.job.GetEmployeeJobConfig [202505250505GET_EMPLOYEE_JOB] [GET_EMPLOYEE_JOB] [dataValidationStep] - 【DEBUG】DataValidationTasklet 執行完成，結果: FINISHED
2025-05-25 05:05:26.429 [http-nio-8089-exec-6] INFO  org.springframework.batch.core.step.AbstractStep [202505250505GET_EMPLOYEE_JOB] [GET_EMPLOYEE_JOB] [dataValidationStep] - Step: [dataValidationStep] executed in 6s319ms
2025-05-25 05:05:26.515 [http-nio-8089-exec-6] INFO  org.springframework.batch.core.job.SimpleStepHandler [202505250505GET_EMPLOYEE_JOB] [GET_EMPLOYEE_JOB] [dataValidationStep] - Executing step: [backupEmployeeFileStep]
2025-05-25 05:05:26.544 [http-nio-8089-exec-6] DEBUG cub.ret.tru.batch.job.GetEmployeeJobConfig [202505250505GET_EMPLOYEE_JOB] [GET_EMPLOYEE_JOB] [backupEmployeeFileStep] - 【DEBUG】進入檔案備份步驟
2025-05-25 05:05:26.560 [http-nio-8089-exec-6] INFO  cub.ret.tru.batch.job.GetEmployeeJobConfig [202505250505GET_EMPLOYEE_JOB] [GET_EMPLOYEE_JOB] [backupEmployeeFileStep] - STEP 4: 開始備份檔案
2025-05-25 05:05:26.576 [http-nio-8089-exec-6] DEBUG cub.ret.tru.batch.job.GetEmployeeJobConfig [202505250505GET_EMPLOYEE_JOB] [GET_EMPLOYEE_JOB] [backupEmployeeFileStep] - 【DEBUG】準備調用 TrustBackupFileTasklet
2025-05-25 05:05:26.590 [http-nio-8089-exec-6] DEBUG cub.ret.tru.batch.tasklet.TrustBackupFileTasklet [202505250505GET_EMPLOYEE_JOB] [GET_EMPLOYEE_JOB] [backupEmployeeFileStep] - 【DEBUG】進入 TrustBackupFileTasklet.execute()
2025-05-25 05:05:26.604 [http-nio-8089-exec-6] DEBUG cub.ret.tru.batch.tasklet.TrustBackupFileTasklet [202505250505GET_EMPLOYEE_JOB] [GET_EMPLOYEE_JOB] [backupEmployeeFileStep] - 【DEBUG】取得參數 - 來源: test-files/ftppool/BOND_MEMMARK.txt, 備份目錄: test-files/ftppool/Backup, 檔案名: BOND_MEMMARK.txt
2025-05-25 05:05:26.620 [http-nio-8089-exec-6] INFO  cub.ret.tru.batch.tasklet.TrustBackupFileTasklet [202505250505GET_EMPLOYEE_JOB] [GET_EMPLOYEE_JOB] [backupEmployeeFileStep] - 開始備份檔案
2025-05-25 05:05:26.620 [http-nio-8089-exec-6] INFO  cub.ret.tru.batch.tasklet.TrustBackupFileTasklet [202505250505GET_EMPLOYEE_JOB] [GET_EMPLOYEE_JOB] [backupEmployeeFileStep] - 來源檔案: test-files/ftppool/BOND_MEMMARK.txt
2025-05-25 05:05:26.620 [http-nio-8089-exec-6] INFO  cub.ret.tru.batch.tasklet.TrustBackupFileTasklet [202505250505GET_EMPLOYEE_JOB] [GET_EMPLOYEE_JOB] [backupEmployeeFileStep] - 備份目錄: test-files/ftppool/Backup
2025-05-25 05:05:26.639 [http-nio-8089-exec-6] DEBUG cub.ret.tru.batch.tasklet.TrustBackupFileTasklet [202505250505GET_EMPLOYEE_JOB] [GET_EMPLOYEE_JOB] [backupEmployeeFileStep] - 【DEBUG】檢查來源檔案: test-files/ftppool/BOND_MEMMARK.txt
2025-05-25 05:05:26.654 [http-nio-8089-exec-6] DEBUG cub.ret.tru.batch.tasklet.TrustBackupFileTasklet [202505250505GET_EMPLOYEE_JOB] [GET_EMPLOYEE_JOB] [backupEmployeeFileStep] - 【DEBUG】來源檔案大小: 2029 bytes
2025-05-25 05:05:26.670 [http-nio-8089-exec-6] DEBUG cub.ret.tru.batch.tasklet.TrustBackupFileTasklet [202505250505GET_EMPLOYEE_JOB] [GET_EMPLOYEE_JOB] [backupEmployeeFileStep] - 【DEBUG】檢查備份目錄是否存在: true
2025-05-25 05:05:26.688 [http-nio-8089-exec-6] DEBUG cub.ret.tru.batch.tasklet.TrustBackupFileTasklet [202505250505GET_EMPLOYEE_JOB] [GET_EMPLOYEE_JOB] [backupEmployeeFileStep] - 【DEBUG】生成備份檔案名稱: BOND_MEMMARK_20250525_050526_202505250505GET_EMPLOYEE_JOB.txt
2025-05-25 05:05:26.702 [http-nio-8089-exec-6] DEBUG cub.ret.tru.batch.tasklet.TrustBackupFileTasklet [202505250505GET_EMPLOYEE_JOB] [GET_EMPLOYEE_JOB] [backupEmployeeFileStep] - 【DEBUG】開始執行檔案複製
2025-05-25 05:05:26.730 [http-nio-8089-exec-6] DEBUG cub.ret.tru.batch.tasklet.TrustBackupFileTasklet [202505250505GET_EMPLOYEE_JOB] [GET_EMPLOYEE_JOB] [backupEmployeeFileStep] - 【DEBUG】檔案複製完成，開始驗證
2025-05-25 05:05:26.751 [http-nio-8089-exec-6] DEBUG cub.ret.tru.batch.tasklet.TrustBackupFileTasklet [202505250505GET_EMPLOYEE_JOB] [GET_EMPLOYEE_JOB] [backupEmployeeFileStep] - 【DEBUG】備份檔案大小: 2029 bytes
2025-05-25 05:05:26.770 [http-nio-8089-exec-6] INFO  cub.ret.tru.batch.tasklet.TrustBackupFileTasklet [202505250505GET_EMPLOYEE_JOB] [GET_EMPLOYEE_JOB] [backupEmployeeFileStep] - 檔案備份完成
2025-05-25 05:05:26.770 [http-nio-8089-exec-6] INFO  cub.ret.tru.batch.tasklet.TrustBackupFileTasklet [202505250505GET_EMPLOYEE_JOB] [GET_EMPLOYEE_JOB] [backupEmployeeFileStep] - 備份檔案: test-files/ftppool/Backup/BOND_MEMMARK_20250525_050526_202505250505GET_EMPLOYEE_JOB.txt
2025-05-25 05:05:26.771 [http-nio-8089-exec-6] INFO  cub.ret.tru.batch.tasklet.TrustBackupFileTasklet [202505250505GET_EMPLOYEE_JOB] [GET_EMPLOYEE_JOB] [backupEmployeeFileStep] - 檔案大小: 2029 bytes
2025-05-25 05:05:26.771 [http-nio-8089-exec-6] INFO  cub.ret.tru.batch.tasklet.TrustBackupFileTasklet [202505250505GET_EMPLOYEE_JOB] [GET_EMPLOYEE_JOB] [backupEmployeeFileStep] - 備份驗證: 通過
2025-05-25 05:05:26.832 [http-nio-8089-exec-6] DEBUG cub.ret.tru.batch.tasklet.TrustBackupFileTasklet [202505250505GET_EMPLOYEE_JOB] [GET_EMPLOYEE_JOB] [backupEmployeeFileStep] - 【DEBUG】TrustBackupFileTasklet.execute() 正常結束
2025-05-25 05:05:26.848 [http-nio-8089-exec-6] DEBUG cub.ret.tru.batch.job.GetEmployeeJobConfig [202505250505GET_EMPLOYEE_JOB] [GET_EMPLOYEE_JOB] [backupEmployeeFileStep] - 【DEBUG】TrustBackupFileTasklet 執行完成，結果: FINISHED
2025-05-25 05:05:26.879 [http-nio-8089-exec-6] INFO  cub.ret.tru.batch.job.GetEmployeeJobConfig [202505250505GET_EMPLOYEE_JOB] [GET_EMPLOYEE_JOB] [backupEmployeeFileStep] - 【建議】作業執行完成，建議定期檢查日誌檔案大小
2025-05-25 05:05:26.925 [http-nio-8089-exec-6] INFO  org.springframework.batch.core.step.AbstractStep [202505250505GET_EMPLOYEE_JOB] [GET_EMPLOYEE_JOB] [backupEmployeeFileStep] - Step: [backupEmployeeFileStep] executed in 409ms
2025-05-25 05:05:26.957 [http-nio-8089-exec-6] INFO  cub.ret.tru.batch.listener.base.BaseJobListener [202505250505GET_EMPLOYEE_JOB] [GET_EMPLOYEE_JOB] [backupEmployeeFileStep] - === 作業執行完成 ===
2025-05-25 05:05:26.957 [http-nio-8089-exec-6] INFO  cub.ret.tru.batch.listener.base.BaseJobListener [202505250505GET_EMPLOYEE_JOB] [GET_EMPLOYEE_JOB] [backupEmployeeFileStep] - 執行代號: 202505250505GET_EMPLOYEE_JOB
2025-05-25 05:05:26.957 [http-nio-8089-exec-6] INFO  cub.ret.tru.batch.listener.base.BaseJobListener [202505250505GET_EMPLOYEE_JOB] [GET_EMPLOYEE_JOB] [backupEmployeeFileStep] - 作業名稱: GET_EMPLOYEE_JOB
2025-05-25 05:05:26.957 [http-nio-8089-exec-6] INFO  cub.ret.tru.batch.listener.base.BaseJobListener [202505250505GET_EMPLOYEE_JOB] [GET_EMPLOYEE_JOB] [backupEmployeeFileStep] - 執行狀態: COMPLETED
2025-05-25 05:05:26.957 [http-nio-8089-exec-6] INFO  cub.ret.tru.batch.listener.base.BaseJobListener [202505250505GET_EMPLOYEE_JOB] [GET_EMPLOYEE_JOB] [backupEmployeeFileStep] - 結束時間: 2025-05-25T05:05:26.957061
2025-05-25 05:05:26.957 [http-nio-8089-exec-6] INFO  cub.ret.tru.batch.listener.base.BaseJobListener [202505250505GET_EMPLOYEE_JOB] [GET_EMPLOYEE_JOB] [backupEmployeeFileStep] - 作業執行成功完成
2025-05-25 05:05:26.995 [http-nio-8089-exec-6] INFO  org.springframework.batch.core.launch.support.SimpleJobLauncher [] [] [] - Job: [SimpleJob: [name=GET_EMPLOYEE_JOB]] completed with the following parameters: [{'timestamp':'{value=1748120718945, type=class java.lang.Long, identifying=true}'}] and the following status: [COMPLETED] in 7s868ms
2025-05-25 05:05:27.031 [http-nio-8089-exec-6] INFO  cub.ret.tru.batch.service.BatchJobService [] [] [] - 批次作業已完成: GET_EMPLOYEE_JOB (執行代號: 202505250505GET_EMPLOYEE_JOB)
